Date,rmu_hs300
2009/7/1,0.000240586
2009/7/2,0.000278963
2009/7/3,0.000361003
2009/7/6,0.000384691
2009/7/7,0.000328592
2009/7/8,0.00034641
2009/7/9,0.00028253
2009/7/10,0.000272181
2009/7/13,0.000187158
2009/7/14,0.000258393
2009/7/15,0.000289286
2009/7/16,0.00028019
2009/7/17,0.000361986
2009/7/20,0.000462669
2009/7/21,0.000455245
2009/7/22,0.000426933
2009/7/23,0.000390784
2009/7/24,0.000401865
2009/7/27,0.00045
2009/7/28,0.000400291
2009/7/29,0.00032952
2009/7/30,0.000353439
2009/7/31,0.000432564
2009/8/3,0.000469231
2009/8/4,0.000517009
2009/8/5,0.000474371
2009/8/6,0.000479674
2009/8/7,0.000472194
2009/8/10,0.000455243
2009/8/11,0.000461782
2009/8/12,0.000466675
2009/8/13,0.000580517
2009/8/14,0.000540462
2009/8/17,0.000431535
2009/8/18,0.000449673
2009/8/19,0.000359053
2009/8/20,0.000528911
2009/8/21,0.000535143
2009/8/24,0.000418745
2009/8/25,0.000415234
2009/8/26,0.000477318
2009/8/27,0.000471697
2009/8/28,0.000461111
2009/8/31,0.000338693
2009/9/1,0.000339028
2009/9/2,0.000326753
2009/9/3,0.000480647
2009/9/4,0.000512631
2009/9/7,0.000557734
2009/9/8,0.000590427
2009/9/9,0.000656029
2009/9/10,0.000684196
2009/9/11,0.000714496
2009/9/14,0.000740415
2009/9/15,0.00080335
2009/9/16,0.000775273
2009/9/17,0.000872937
2009/9/18,0.000872001
2009/9/21,0.000906665
2009/9/22,0.000710575
2009/9/23,0.000562734
2009/9/24,0.000641403
2009/9/25,0.000616398
2009/9/28,0.000500394
2009/9/29,0.000484659
2009/9/30,0.000594058
2009/10/9,0.00070425
2009/10/12,0.000764147
2009/10/13,0.000813257
2009/10/14,0.000906791
2009/10/15,0.000843766
2009/10/16,0.000889597
2009/10/19,0.000953615
2009/10/20,0.001064755
2009/10/21,0.001048866
2009/10/22,0.000978935
2009/10/23,0.001026526
2009/10/26,0.00107165
2009/10/27,0.001019297
2009/10/28,0.001077566
2009/10/29,0.001161816
2009/10/30,0.001126943
2009/11/2,0.001233794
2009/11/3,0.001214803
2009/11/4,0.001258904
2009/11/5,0.001274616
2009/11/6,0.001310975
2009/11/9,0.001251166
2009/11/10,0.001298059
2009/11/11,0.00126501
2009/11/12,0.001144411
2009/11/13,0.001173147
2009/11/16,0.001205129
2009/11/17,0.001138576
2009/11/18,0.001076651
2009/11/19,0.001044223
2009/11/20,0.001171635
2009/11/23,0.001084907
2009/11/24,0.001047181
2009/11/25,0.001096801
2009/11/26,0.001103327
2009/11/27,0.001054647
2009/11/30,0.001110597
2009/12/1,0.001109526
2009/12/2,0.001164874
2009/12/3,0.001129786
2009/12/4,0.001150771
2009/12/7,0.0010869
2009/12/8,0.001039219
2009/12/9,0.000979736
2009/12/10,0.000922047
2009/12/11,0.00096614
2009/12/14,0.00093796
2009/12/15,0.000965517
2009/12/16,0.001028562
2009/12/17,0.000976287
2009/12/18,0.000915077
2009/12/21,0.000911543
2009/12/22,0.000827492
2009/12/23,0.00083765
2009/12/24,0.000918989
2009/12/25,0.000998281
2009/12/28,0.00105394
2009/12/29,0.001079918
2009/12/30,0.001116301
2009/12/31,0.001131234
2010/1/4,0.001131551
2010/1/5,0.001160379
2010/1/6,0.001088787
2010/1/7,0.001000334
2010/1/8,0.001014971
2010/1/11,0.001054902
2010/1/12,0.001053362
2010/1/13,0.000994895
2010/1/14,0.001059261
2010/1/15,0.000994925
2010/1/18,0.001004105
2010/1/19,0.000976573
2010/1/20,0.000900942
2010/1/21,0.000897248
2010/1/22,0.000878655
2010/1/25,0.000839631
2010/1/26,0.000804965
2010/1/27,0.00076075
2010/1/28,0.000722153
2010/1/29,0.000674498
2010/2/1,0.000658927
2010/2/2,0.000587558
2010/2/3,0.000588098
2010/2/4,0.000559295
2010/2/5,0.000520508
2010/2/8,0.000528849
2010/2/9,0.000479783
2010/2/10,0.000459251
2010/2/11,0.000517336
2010/2/12,0.000614733
2010/2/22,0.000588195
2010/2/23,0.000535504
2010/2/24,0.00051207
2010/2/25,0.000616666
2010/2/26,0.000609386
2010/3/1,0.000719183
2010/3/2,0.000751895
2010/3/3,0.000744899
2010/3/4,0.000718689
2010/3/5,0.000612186
2010/3/8,0.000611252
2010/3/9,0.00063531
2010/3/10,0.000686155
2010/3/11,0.000654916
2010/3/12,0.000647603
2010/3/15,0.000624406
2010/3/16,0.000643639
2010/3/17,0.00065281
2010/3/18,0.000588439
2010/3/19,0.00059467
2010/3/22,0.000562762
2010/3/23,0.000550552
2010/3/24,0.00050853
2010/3/25,0.000474619
2010/3/26,0.00053476
2010/3/29,0.00052276
2010/3/30,0.000513697
2010/3/31,0.000512849
2010/4/1,0.000520464
2010/4/2,0.000500714
2010/4/6,0.000480647
2010/4/7,0.000475362
2010/4/8,0.00045046
2010/4/9,0.00053362
2010/4/12,0.000493007
2010/4/13,0.000461087
2010/4/14,0.000427141
2010/4/15,0.000409355
2010/4/16,0.000383328
2010/4/19,0.000288303
2010/4/20,0.000310166
2010/4/21,0.000307556
2010/4/22,0.00030938
2010/4/23,0.000368245
2010/4/26,0.000346972
2010/4/27,0.000325861
2010/4/28,0.00036011
2010/4/29,0.000335646
2010/4/30,0.000281336
2010/5/4,0.000242624
2010/5/5,0.000193253
2010/5/6,0.00010413
2010/5/7,4.42E-05
2010/5/10,5.59E-05
2010/5/11,7.15E-06
2010/5/12,5.77E-05
2010/5/13,5.97E-05
2010/5/14,3.28E-05
2010/5/17,-4.87E-05
2010/5/18,-1.53E-05
2010/5/19,-2.99E-05
2010/5/20,-7.06E-05
2010/5/21,-2.72E-05
2010/5/24,7.57E-05
2010/5/25,4.55E-05
2010/5/26,3.79E-05
2010/5/27,8.66E-05
2010/5/28,5.57E-05
2010/5/31,-5.21E-05
2010/6/1,-7.43E-05
2010/6/2,-0.000110067
2010/6/3,-0.000131924
2010/6/4,-0.000118252
2010/6/7,-0.000154458
2010/6/8,-0.000159192
2010/6/9,-0.000123951
2010/6/10,-0.000127758
2010/6/11,-8.97E-05
2010/6/17,-0.000134984
2010/6/18,-0.000161601
2010/6/21,-0.00013692
2010/6/22,-0.000161631
2010/6/23,-0.000189991
2010/6/24,-0.000192048
2010/6/25,-0.000206104
2010/6/28,-0.000238896
2010/6/29,-0.00031836
2010/6/30,-0.00034351
2010/7/1,-0.000396737
2010/7/2,-0.000383928
2010/7/5,-0.00043703
2010/7/6,-0.000426407
2010/7/7,-0.000437978
2010/7/8,-0.000465513
2010/7/9,-0.000400952
2010/7/12,-0.000388163
2010/7/13,-0.000437671
2010/7/14,-0.000426293
2010/7/15,-0.000436808
2010/7/16,-0.000479196
2010/7/19,-0.000455168
2010/7/20,-0.000421562
2010/7/21,-0.000427011
2010/7/22,-0.000440411
2010/7/23,-0.000408329
2010/7/26,-0.000429629
2010/7/27,-0.000460451
2010/7/28,-0.000426376
2010/7/29,-0.000453195
2010/7/30,-0.000464274
2010/8/2,-0.000342421
2010/8/3,-0.000409569
2010/8/4,-0.000449971
2010/8/5,-0.000489395
2010/8/6,-0.000461128
2010/8/9,-0.000428015
2010/8/10,-0.000443094
2010/8/11,-0.000380853
2010/8/12,-0.000396298
2010/8/13,-0.000378248
2010/8/16,-0.00025974
2010/8/17,-0.000269748
2010/8/18,-0.000223686
2010/8/19,-0.000104566
2010/8/20,-0.000155492
2010/8/23,-6.90E-05
2010/8/24,-0.000132422
2010/8/25,-0.000205798
2010/8/26,-0.000215437
2010/8/27,-0.00014519
2010/8/30,-0.00014582
2010/8/31,-0.000144059
2010/9/1,-9.46E-05
2010/9/2,5.46E-05
2010/9/3,4.58E-05
2010/9/6,4.95E-05
2010/9/7,-3.93E-05
2010/9/8,-5.47E-05
2010/9/9,-0.000101621
2010/9/10,-0.000134709
2010/9/13,-0.000130265
2010/9/14,-0.000111352
2010/9/15,-0.000182244
2010/9/16,-0.000244495
2010/9/17,-0.000247171
2010/9/20,-0.00023081
2010/9/21,-0.000258603
2010/9/27,-0.000166497
2010/9/28,-0.000185658
2010/9/29,-0.000147135
2010/9/30,-7.16E-05
2010/10/8,-2.07E-05
2010/10/11,4.14E-05
2010/10/12,0.000112265
2010/10/13,0.000136659
2010/10/14,0.000121416
2010/10/15,8.71E-05
2010/10/18,8.25E-05
2010/10/19,9.29E-05
2010/10/20,8.82E-05
2010/10/21,7.04E-05
2010/10/22,7.13E-05
2010/10/25,7.69E-05
2010/10/26,4.46E-05
2010/10/27,1.76E-05
2010/10/28,2.57E-05
2010/10/29,-1.69E-05
2010/11/1,2.94E-05
2010/11/2,7.55E-05
2010/11/3,4.65E-05
2010/11/4,0.000119658
2010/11/5,0.000121899
2010/11/8,7.74E-05
2010/11/9,4.38E-05
2010/11/10,2.24E-05
2010/11/11,2.26E-05
2010/11/12,-9.73E-05
2010/11/15,-9.16E-05
2010/11/16,-0.00017278
2010/11/17,-0.000204846
2010/11/18,-0.000182689
2010/11/19,-0.000175058
2010/11/22,-0.000230472
2010/11/23,-0.000267233
2010/11/24,-0.000229807
2010/11/25,-0.000210585
2010/11/26,-0.000220544
2010/11/29,-0.000239432
2010/11/30,-0.000212223
2010/12/1,-0.000251919
2010/12/2,-0.00017179
2010/12/3,-0.000118274
2010/12/6,-0.000178817
2010/12/7,-0.000183949
2010/12/8,-0.000216919
2010/12/9,-0.000240387
2010/12/10,-0.00024428
2010/12/13,-0.000203051
2010/12/14,-0.000177433
2010/12/15,-0.000155588
2010/12/16,-0.000175617
2010/12/17,-0.000177222
2010/12/20,-0.00022061
2010/12/21,-0.000168532
2010/12/22,-0.000175778
2010/12/23,-0.00015078
2010/12/24,-0.000120353
2010/12/27,-0.000157642
2010/12/28,-0.000141528
2010/12/29,-0.000148045
2010/12/30,-0.000198835
2010/12/31,-0.000156071
2011/1/4,-0.00014935
2011/1/5,-0.00016796
2011/1/6,-0.000205053
2011/1/7,-0.000209376
2011/1/10,-0.000221866
2011/1/11,-0.000226602
2011/1/12,-0.0002062
2011/1/13,-0.000172244
2011/1/14,-0.000203872
2011/1/17,-0.000271599
2011/1/18,-0.000295658
2011/1/19,-0.000200813
2011/1/20,-0.000282413
2011/1/21,-0.00026667
2011/1/24,-0.000292492
2011/1/25,-0.00030495
2011/1/26,-0.000225315
2011/1/27,-0.000204904
2011/1/28,-0.000177509
2011/1/31,-0.000135422
2011/2/1,-9.03E-05
2011/2/9,-8.71E-05
2011/2/10,-5.59E-05
2011/2/11,-4.53E-05
2011/2/14,3.59E-05
2011/2/15,3.87E-05
2011/2/16,9.47E-06
2011/2/17,1.45E-05
2011/2/18,3.18E-05
2011/2/21,5.75E-05
2011/2/22,-3.05E-06
2011/2/23,-2.13E-05
2011/2/24,-1.58E-05
2011/2/25,-2.87E-05
2011/2/28,3.31E-06
2011/3/1,3.00E-05
2011/3/2,-6.27E-07
2011/3/3,-3.73E-05
2011/3/4,-5.79E-06
2011/3/7,5.22E-06
2011/3/8,1.36E-05
2011/3/9,1.95E-06
2011/3/10,1.57E-05
2011/3/11,-6.56E-06
2011/3/14,-1.22E-05
2011/3/15,-5.40E-05
2011/3/16,-1.66E-05
2011/3/17,-4.24E-05
2011/3/18,-9.32E-06
2011/3/21,1.29E-05
2011/3/22,1.02E-05
2011/3/23,-4.74E-06
2011/3/24,-8.57E-06
2011/3/25,3.19E-07
2011/3/28,-6.30E-06
2011/3/29,-9.28E-06
2011/3/30,-1.09E-05
2011/3/31,-3.12E-06
2011/4/1,-1.19E-06
2011/4/6,-2.45E-05
2011/4/7,-2.18E-05
2011/4/8,3.99E-06
2011/4/11,-3.00E-05
2011/4/12,-4.12E-05
2011/4/13,-1.68E-05
2011/4/14,-1.71E-05
2011/4/15,6.27E-06
2011/4/18,-1.01E-05
2011/4/19,-2.89E-05
2011/4/20,-4.95E-05
2011/4/21,-4.43E-05
2011/4/22,-4.87E-05
2011/4/25,-5.57E-05
2011/4/26,2.93E-05
2011/4/27,1.95E-05
2011/4/28,-4.03E-05
2011/4/29,-4.75E-06
2011/5/3,1.14E-05
2011/5/4,-2.35E-05
2011/5/5,9.79E-06
2011/5/6,1.33E-05
2011/5/9,3.88E-05
2011/5/10,4.76E-05
2011/5/11,7.03E-05
2011/5/12,3.66E-05
2011/5/13,0.000132348
2011/5/16,0.00015317
2011/5/17,0.000148827
2011/5/18,0.000196661
2011/5/19,0.000175706
2011/5/20,0.000134698
2011/5/23,9.07E-05
2011/5/24,0.000187204
2011/5/25,0.000131068
2011/5/26,0.00012988
2011/5/27,0.000143841
2011/5/30,0.000111887
2011/5/31,7.52E-05
2011/6/1,0.000112737
2011/6/2,8.47E-05
2011/6/3,7.45E-05
2011/6/7,9.07E-05
2011/6/8,0.000140401
2011/6/9,0.000125757
2011/6/10,0.000123232
2011/6/13,0.000129939
2011/6/14,0.00014977
2011/6/15,0.000162994
2011/6/16,0.000133989
2011/6/17,6.68E-05
2011/6/20,7.65E-05
2011/6/21,9.14E-05
2011/6/22,0.000101182
2011/6/23,0.00015951
2011/6/24,0.000146555
2011/6/27,0.000149787
2011/6/28,0.000168443
2011/6/29,0.000145359
2011/6/30,0.000183712
2011/7/1,0.000199245
2011/7/4,0.000320602
2011/7/5,0.000340246
2011/7/6,0.000360448
2011/7/7,0.0003483
2011/7/8,0.000367119
2011/7/11,0.000335225
2011/7/12,0.000291993
2011/7/13,0.000322635
2011/7/14,0.000280922
2011/7/15,0.000269319
2011/7/18,0.00029287
2011/7/19,0.000265245
2011/7/20,0.000292797
2011/7/21,0.000269603
2011/7/22,0.000231425
2011/7/25,0.000136977
2011/7/26,0.000138805
2011/7/27,0.000130485
2011/7/28,0.000112217
2011/7/29,9.60E-05
2011/8/1,0.000108691
2011/8/2,5.49E-05
2011/8/3,4.54E-05
2011/8/4,5.41E-05
2011/8/5,-1.18E-05
2011/8/8,-4.39E-05
2011/8/9,-4.75E-05
2011/8/10,-1.62E-05
2011/8/11,-1.84E-05
2011/8/12,-2.55E-05
2011/8/15,5.11E-05
2011/8/16,2.84E-05
2011/8/17,4.21E-05
2011/8/18,-1.29E-05
2011/8/19,-6.88E-05
2011/8/22,-9.92E-05
2011/8/23,-6.97E-05
2011/8/24,-8.69E-05
2011/8/25,3.27E-06
2011/8/26,2.99E-06
2011/8/29,-3.53E-05
2011/8/30,-7.76E-07
2011/8/31,-2.00E-06
2011/9/1,-1.45E-05
2011/9/2,-6.70E-05
2011/9/5,-9.73E-05
2011/9/6,-9.88E-05
2011/9/7,-8.61E-05
2011/9/8,-9.97E-05
2011/9/9,-0.000134896
2011/9/13,-0.000158951
2011/9/14,-0.000149605
2011/9/15,-0.000120362
2011/9/16,-0.000120827
2011/9/19,-0.000173077
2011/9/20,-0.00016785
2011/9/21,-8.62E-05
2011/9/22,-0.000107041
2011/9/23,-0.000119632
2011/9/26,-0.000150894
2011/9/27,-0.00013781
2011/9/28,-0.000184174
2011/9/29,-0.000184657
2011/9/30,-0.000185564
2011/10/10,-0.000237889
2011/10/11,-0.000303962
2011/10/12,-0.000291906
2011/10/13,-0.000302092
2011/10/14,-0.000332002
2011/10/17,-0.00032698
2011/10/18,-0.000430442
2011/10/19,-0.000425341
2011/10/20,-0.000503445
2011/10/21,-0.000522911
2011/10/24,-0.00046498
2011/10/25,-0.000434699
2011/10/26,-0.000469039
2011/10/27,-0.000457812
2011/10/28,-0.000393495
2011/10/31,-0.000399107
2011/11/1,-0.000388682
2011/11/2,-0.000407046
2011/11/3,-0.000400941
2011/11/4,-0.000367343
2011/11/7,-0.000414631
2011/11/8,-0.000439854
2011/11/9,-0.000438334
2011/11/10,-0.000459254
2011/11/11,-0.000449995
2011/11/14,-0.000420398
2011/11/15,-0.000313277
2011/11/16,-0.000372771
2011/11/17,-0.000300734
2011/11/18,-0.000300998
2011/11/21,-0.000323176
2011/11/22,-0.000340143
2011/11/23,-0.000353297
2011/11/24,-0.000314475
2011/11/25,-0.000365455
2011/11/28,-0.000388219
2011/11/29,-0.000349397
2011/11/30,-0.000405298
2011/12/1,-0.000334469
2011/12/2,-0.000351569
2011/12/5,-0.000386379
2011/12/6,-0.000391527
2011/12/7,-0.000387442
2011/12/8,-0.000408471
2011/12/9,-0.000407842
2011/12/12,-0.000399113
2011/12/13,-0.000459514
2011/12/14,-0.000530174
2011/12/15,-0.000575853
2011/12/16,-0.000528359
2011/12/19,-0.000523459
2011/12/20,-0.000526098
2011/12/21,-0.000528545
2011/12/22,-0.000564894
2011/12/23,-0.000533668
2011/12/26,-0.000536446
2011/12/27,-0.000545299
2011/12/28,-0.000508327
2011/12/29,-0.000475039
2011/12/30,-0.000459132
2012/1/4,-0.000495283
2012/1/5,-0.000547842
2012/1/6,-0.000570626
2012/1/9,-0.000505348
2012/1/10,-0.000440244
2012/1/11,-0.000452334
2012/1/12,-0.000420513
2012/1/13,-0.000458948
2012/1/16,-0.000503928
2012/1/17,-0.000420895
2012/1/18,-0.000420681
2012/1/19,-0.00032137
2012/1/20,-0.000298507
2012/1/30,-0.000367078
2012/1/31,-0.000306968
2012/2/1,-0.000354343
2012/2/2,-0.000297227
2012/2/3,-0.00027441
2012/2/6,-0.0002988
2012/2/7,-0.000358585
2012/2/8,-0.000315831
2012/2/9,-0.000337579
2012/2/10,-0.000335022
2012/2/13,-0.000315671
2012/2/14,-0.000357857
2012/2/15,-0.00034847
2012/2/16,-0.000411026
2012/2/17,-0.000409546
2012/2/20,-0.000423539
2012/2/21,-0.000407465
2012/2/22,-0.000365901
2012/2/23,-0.000384609
2012/2/24,-0.000306578
2012/2/27,-0.000307091
2012/2/28,-0.000312046
2012/2/29,-0.000334079
2012/3/1,-0.000357053
2012/3/2,-0.000334972
2012/3/5,-0.00033994
2012/3/6,-0.000355605
2012/3/7,-0.000393496
2012/3/8,-0.000405243
2012/3/9,-0.000388226
2012/3/12,-0.000395364
2012/3/13,-0.00034762
2012/3/14,-0.00037979
2012/3/15,-0.000401006
2012/3/16,-0.000344455
2012/3/19,-0.000363831
2012/3/20,-0.000366619
2012/3/21,-0.000374385
2012/3/22,-0.000372474
2012/3/23,-0.000401644
2012/3/26,-0.000422255
2012/3/27,-0.000420684
2012/3/28,-0.000492973
2012/3/29,-0.0005132
2012/3/30,-0.000487756
2012/4/5,-0.000446555
2012/4/6,-0.000424318
2012/4/9,-0.000467514
2012/4/10,-0.000470651
2012/4/11,-0.000477414
2012/4/12,-0.000458225
2012/4/13,-0.000441254
2012/4/16,-0.000442093
2012/4/17,-0.000487049
2012/4/18,-0.000438682
2012/4/19,-0.000443998
2012/4/20,-0.000423942
2012/4/23,-0.000404687
2012/4/24,-0.000405435
2012/4/25,-0.000402781
2012/4/26,-0.000390097
2012/4/27,-0.000367082
2012/5/2,-0.000319967
2012/5/3,-0.000303332
2012/5/4,-0.000261988
2012/5/7,-0.000277566
2012/5/8,-0.000292975
2012/5/9,-0.000281487
2012/5/10,-0.000280078
2012/5/11,-0.000290684
2012/5/14,-0.000309331
2012/5/15,-0.000320989
2012/5/16,-0.0003449
2012/5/17,-0.000294802
2012/5/18,-0.000336008
2012/5/21,-0.000311869
2012/5/22,-0.000293865
2012/5/23,-0.000313737
2012/5/24,-0.00031771
2012/5/25,-0.000333018
2012/5/28,-0.00025006
2012/5/29,-0.000228235
2012/5/30,-0.000213274
2012/5/31,-0.000213046
2012/6/1,-0.000203676
2012/6/4,-0.000247659
2012/6/5,-0.000275015
2012/6/6,-0.000277484
2012/6/7,-0.000259744
2012/6/8,-0.000289661
2012/6/11,-0.000276949
2012/6/12,-0.000291695
2012/6/13,-0.000231638
2012/6/14,-0.000251046
2012/6/15,-0.000239167
2012/6/18,-0.000255415
2012/6/19,-0.00025295
2012/6/20,-0.000230311
2012/6/21,-0.000242737
2012/6/25,-0.000271041
2012/6/26,-0.000292527
2012/6/27,-0.000297665
2012/6/28,-0.000341672
2012/6/29,-0.00035659
2012/7/2,-0.000359177
2012/7/3,-0.000359718
2012/7/4,-0.000338663
2012/7/5,-0.000388036
2012/7/6,-0.000361542
2012/7/9,-0.00044177
2012/7/10,-0.000448725
2012/7/11,-0.000430414
2012/7/12,-0.000407049
2012/7/13,-0.000410191
2012/7/16,-0.000448595
2012/7/17,-0.000406783
2012/7/18,-0.000434278
2012/7/19,-0.000432431
2012/7/20,-0.000458166
2012/7/23,-0.000478596
2012/7/24,-0.000455692
2012/7/25,-0.000465287
2012/7/26,-0.000456332
2012/7/27,-0.000460121
2012/7/30,-0.000412986
2012/7/31,-0.0004206
2012/8/1,-0.000414544
2012/8/2,-0.000421021
2012/8/3,-0.000401992
2012/8/6,-0.000382081
2012/8/7,-0.000367332
2012/8/8,-0.000365781
2012/8/9,-0.00035323
2012/8/10,-0.000324784
2012/8/13,-0.000296772
2012/8/14,-0.00029569
2012/8/15,-0.000330259
2012/8/16,-0.000365037
2012/8/17,-0.000374714
2012/8/20,-0.000408737
2012/8/21,-0.000387811
2012/8/22,-0.000394458
2012/8/23,-0.000358314
2012/8/24,-0.000362037
2012/8/27,-0.000379941
2012/8/28,-0.000398664
2012/8/29,-0.00041021
2012/8/30,-0.000469489
2012/8/31,-0.000473007
2012/9/3,-0.000425736
2012/9/4,-0.000437667
2012/9/5,-0.000444266
2012/9/6,-0.000422842
2012/9/7,-0.000328552
2012/9/10,-0.00028421
2012/9/11,-0.000282255
2012/9/12,-0.000311117
2012/9/13,-0.000312935
2012/9/14,-0.00029704
2012/9/17,-0.000320449
2012/9/18,-0.000346559
2012/9/19,-0.000335537
2012/9/20,-0.000377676
2012/9/21,-0.000340394
2012/9/24,-0.000334335
2012/9/25,-0.000389747
2012/9/26,-0.00035566
2012/9/27,-0.000293303
2012/9/28,-0.000223685
2012/10/8,-0.000258808
2012/10/9,-0.000203257
2012/10/10,-0.000185467
2012/10/11,-0.00019699
2012/10/12,-0.000179214
2012/10/15,-0.000183027
2012/10/16,-0.000242087
2012/10/17,-0.000251695
2012/10/18,-0.000219751
2012/10/19,-0.000230948
2012/10/22,-0.000175235
2012/10/23,-0.000191012
2012/10/24,-0.000151974
2012/10/25,-0.000155699
2012/10/26,-0.000235238
2012/10/29,-0.000276817
2012/10/30,-0.000290839
2012/10/31,-0.000283167
2012/11/1,-0.00028367
2012/11/2,-0.000268272
2012/11/5,-0.000273348
2012/11/6,-0.000309027
2012/11/7,-0.000313764
2012/11/8,-0.000357949
2012/11/9,-0.000344164
2012/11/12,-0.000330392
2012/11/13,-0.00037588
2012/11/14,-0.00033467
2012/11/15,-0.000354751
2012/11/16,-0.000402611
2012/11/19,-0.00040093
2012/11/20,-0.000361496
2012/11/21,-0.000332526
2012/11/22,-0.000309879
2012/11/23,-0.000300054
2012/11/26,-0.000313393
2012/11/27,-0.000316375
2012/11/28,-0.000336946
2012/11/29,-0.00033523
2012/11/30,-0.000318052
2012/12/3,-0.000366495
2012/12/4,-0.000289616
2012/12/5,-0.000270839
2012/12/6,-0.00025655
2012/12/7,-0.000198743
2012/12/10,-0.000176756
2012/12/11,-0.00019443
2012/12/12,-0.000185168
2012/12/13,-0.000189608
2012/12/14,-8.69E-05
2012/12/17,-3.98E-05
2012/12/18,-2.12E-05
2012/12/19,2.22E-05
2012/12/20,-3.83E-06
2012/12/21,-8.99E-06
2012/12/24,3.01E-06
2012/12/25,7.87E-05
2012/12/26,8.35E-05
2012/12/27,6.13E-05
2012/12/28,0.000103347
2012/12/31,0.000155675
2013/1/4,0.000154513
2013/1/7,0.000159841
2013/1/8,0.000127136
2013/1/9,0.000162555
2013/1/10,0.000182427
2013/1/11,0.000139157
2013/1/14,0.000145838
2013/1/15,0.000101529
2013/1/16,9.73E-05
2013/1/17,8.12E-05
2013/1/18,0.000138996
2013/1/21,0.000184631
2013/1/22,9.29E-05
2013/1/23,0.000127022
2013/1/24,7.81E-05
2013/1/25,4.59E-05
2013/1/28,0.000128922
2013/1/29,0.000141978
2013/1/30,0.000175072
2013/1/31,0.000133751
2013/2/1,0.000155872
2013/2/4,0.000160046
2013/2/5,0.000207024
2013/2/6,0.000161016
2013/2/7,0.000150398
2013/2/8,0.000154799
2013/2/18,0.000134481
2013/2/19,0.00010825
2013/2/20,0.000100454
2013/2/21,4.99E-05
2013/2/22,4.00E-05
2013/2/25,4.30E-05
2013/2/26,3.46E-06
2013/2/27,-1.86E-06
2013/2/28,4.38E-05
2013/3/1,1.35E-05
2013/3/4,-7.35E-05
2013/3/5,-2.59E-05
2013/3/6,1.05E-05
2013/3/7,-9.10E-06
2013/3/8,-4.76E-05
2013/3/11,-4.61E-05
2013/3/12,-4.36E-05
2013/3/13,-5.07E-05
2013/3/14,-6.77E-05
2013/3/15,-8.24E-05
2013/3/18,-0.000101564
2013/3/19,-0.000103292
2013/3/20,3.34E-06
2013/3/21,1.95E-05
2013/3/22,-3.43E-06
2013/3/25,-1.11E-05
2013/3/26,-6.28E-06
2013/3/27,-2.84E-06
2013/3/28,-5.73E-05
2013/3/29,-3.95E-05
2013/4/1,-4.25E-05
2013/4/2,-4.16E-05
2013/4/3,6.01E-06
2013/4/8,2.05E-05
2013/4/9,2.41E-05
2013/4/10,-1.90E-05
2013/4/11,-2.89E-05
2013/4/12,-2.30E-05
2013/4/15,-5.77E-05
2013/4/16,-4.18E-05
2013/4/17,-7.68E-05
2013/4/18,-7.90E-05
2013/4/19,-2.71E-05
2013/4/22,-7.62E-06
2013/4/23,-0.000102723
2013/4/24,-6.80E-05
2013/4/25,-0.000107578
2013/4/26,-0.000108302
2013/5/2,-0.000105888
2013/5/3,-8.96E-05
2013/5/6,-7.05E-05
2013/5/7,-6.43E-05
2013/5/8,-9.28E-05
2013/5/9,-0.000108161
2013/5/10,-0.000114815
2013/5/13,-0.000122864
2013/5/14,-0.000143043
2013/5/15,-0.000100527
2013/5/16,-6.91E-05
2013/5/17,-2.96E-05
2013/5/20,-3.91E-06
2013/5/21,-1.66E-06
2013/5/22,2.88E-05
2013/5/23,-2.06E-05
2013/5/24,1.55E-05
2013/5/27,8.21E-06
2013/5/28,1.10E-05
2013/5/29,1.68E-05
2013/5/30,2.57E-05
2013/5/31,2.22E-05
2013/6/3,-7.97E-06
2013/6/4,-5.63E-05
2013/6/5,-5.41E-05
2013/6/6,-6.96E-05
2013/6/7,-0.000100283
2013/6/13,-0.000110615
2013/6/14,-9.84E-05
2013/6/17,-0.000106719
2013/6/18,-8.58E-05
2013/6/19,-8.65E-05
2013/6/20,-0.000167394
2013/6/21,-0.000158196
2013/6/24,-0.000297721
2013/6/25,-0.000288766
2013/6/26,-0.000291604
2013/6/27,-0.000306432
2013/6/28,-0.000259749
2013/7/1,-0.000245795
2013/7/2,-0.000211557
2013/7/3,-0.000187072
2013/7/4,-0.000171814
2013/7/5,-0.000162613
2013/7/8,-0.000197069
2013/7/9,-0.000223131
2013/7/10,-0.000177424
2013/7/11,-0.000102116
2013/7/12,-0.0001379
2013/7/15,-8.96E-05
2013/7/16,-0.00011139
2013/7/17,-9.77E-05
2013/7/18,-0.000119617
2013/7/19,-0.000175693
2013/7/22,-0.000183198
2013/7/23,-0.000135106
2013/7/24,-0.000111682
2013/7/25,-0.000130854
2013/7/26,-0.000141515
2013/7/29,-0.000186258
2013/7/30,-0.00015718
2013/7/31,-0.000130427
2013/8/1,-9.75E-05
2013/8/2,-8.44E-05
2013/8/5,-5.15E-05
2013/8/6,-4.12E-05
2013/8/7,-4.12E-05
2013/8/8,-4.20E-05
2013/8/9,-5.39E-05
2013/8/12,1.32E-05
2013/8/13,3.90E-06
2013/8/14,-2.66E-05
2013/8/15,-4.92E-05
2013/8/16,-6.29E-05
2013/8/19,-5.83E-05
2013/8/20,-6.38E-05
2013/8/21,-3.21E-05
2013/8/22,-3.93E-05
2013/8/23,-3.34E-05
2013/8/26,1.18E-05
2013/8/27,2.03E-05
2013/8/28,1.96E-05
2013/8/29,3.43E-06
2013/8/30,1.37E-05
2013/9/2,1.35E-05
2013/9/3,5.87E-05
2013/9/4,9.22E-05
2013/9/5,7.78E-05
2013/9/6,0.000107805
2013/9/9,0.000169988
2013/9/10,0.000199099
2013/9/11,0.00018639
2013/9/12,0.000221991
2013/9/13,0.000212732
2013/9/16,0.000191442
2013/9/17,8.00E-05
2013/9/18,7.67E-05
2013/9/23,0.000115604
2013/9/24,8.96E-05
2013/9/25,9.52E-05
2013/9/26,5.05E-05
2013/9/27,0.000100951
2013/9/30,0.000129047
2013/10/8,0.000143872
2013/10/9,0.000191182
2013/10/10,0.000171618
2013/10/11,0.000186346
2013/10/14,0.00019334
2013/10/15,0.000209647
2013/10/16,0.000125186
2013/10/17,8.81E-05
2013/10/18,0.000114541
2013/10/21,0.000108774
2013/10/22,8.80E-05
2013/10/23,8.47E-05
2013/10/24,7.03E-05
2013/10/25,5.45E-05
2013/10/28,5.01E-05
2013/10/29,5.26E-05
2013/10/30,5.19E-05
2013/10/31,3.02E-05
2013/11/1,3.16E-05
2013/11/4,5.02E-05
2013/11/5,5.58E-05
2013/11/6,4.63E-05
2013/11/7,6.96E-05
2013/11/8,5.47E-05
2013/11/11,5.75E-05
2013/11/12,6.39E-05
2013/11/13,-7.34E-06
2013/11/14,-1.70E-06
2013/11/15,3.62E-05
2013/11/18,9.98E-05
2013/11/19,9.14E-05
2013/11/20,0.000132497
2013/11/21,0.000125353
2013/11/22,0.000108343
2013/11/25,0.000132053
2013/11/26,0.000122888
2013/11/27,0.000165326
2013/11/28,0.000196031
2013/11/29,0.000197396
2013/12/2,0.000191128
2013/12/3,0.000184403
2013/12/4,0.00022076
2013/12/5,0.000203988
2013/12/6,0.000206321
2013/12/9,0.000225209
2013/12/10,0.00024423
2013/12/11,0.000226445
2013/12/12,0.000205063
2013/12/13,0.000227641
2013/12/16,0.000181301
2013/12/17,0.000112182
2013/12/18,0.000116148
2013/12/19,6.45E-05
2013/12/20,5.37E-06
2013/12/23,1.98E-05
2013/12/24,1.55E-05
2013/12/25,4.73E-05
2013/12/26,-6.75E-05
2013/12/27,-4.67E-05
2013/12/30,-5.07E-05
2013/12/31,-3.01E-05
2014/1/2,-4.60E-05
2014/1/3,-6.00E-05
2014/1/6,-0.00010641
2014/1/7,-0.00015485
2014/1/8,-0.00015832
2014/1/9,-0.000164361
2014/1/10,-0.000202704
2014/1/13,-0.000241013
2014/1/14,-0.000227016
2014/1/15,-0.000237951
2014/1/16,-0.00022843
2014/1/17,-0.000255159
2014/1/20,-0.000268103
2014/1/21,-0.000218598
2014/1/22,-0.0002391
2014/1/23,-0.000260351
2014/1/24,-0.000237229
2014/1/27,-0.000243873
2014/1/28,-0.000269387
2014/1/29,-0.000273484
2014/1/30,-0.000283925
2014/2/7,-0.000283088
2014/2/10,-0.000224329
2014/2/11,-0.000203264
2014/2/12,-0.000251897
2014/2/13,-0.000276254
2014/2/14,-0.000272427
2014/2/17,-0.000259231
2014/2/18,-0.000316973
2014/2/19,-0.000300244
2014/2/20,-0.000330926
2014/2/21,-0.000351041
2014/2/24,-0.000379409
2014/2/25,-0.000431419
2014/2/26,-0.000405597
2014/2/27,-0.00038006
2014/2/28,-0.000371178
2014/3/3,-0.000302439
2014/3/4,-0.000298011
2014/3/5,-0.000319634
2014/3/6,-0.00028707
2014/3/7,-0.000309335
2014/3/10,-0.00041782
2014/3/11,-0.000406016
2014/3/12,-0.000320155
2014/3/13,-0.000350342
2014/3/14,-0.000382386
2014/3/17,-0.000345971
2014/3/18,-0.000341648
2014/3/19,-0.000345964
2014/3/20,-0.000349127
2014/3/21,-0.000271734
2014/3/24,-0.000262239
2014/3/25,-0.000267715
2014/3/26,-0.000244851
2014/3/27,-0.000272572
2014/3/28,-0.000332669
2014/3/31,-0.000340387
2014/4/1,-0.000329129
2014/4/2,-0.000311723
2014/4/3,-0.000298912
2014/4/4,-0.000288368
2014/4/8,-0.000190834
2014/4/9,-0.000186921
2014/4/10,-0.000158773
2014/4/11,-0.00015641
2014/4/14,-0.000156004
2014/4/15,-0.00017818
2014/4/16,-0.000187709
2014/4/17,-0.000190832
2014/4/18,-0.00018592
2014/4/21,-0.000204004
2014/4/22,-0.000178702
2014/4/23,-0.000196403
2014/4/24,-0.000198919
2014/4/25,-0.000221291
2014/4/28,-0.000295181
2014/4/29,-0.000274165
2014/4/30,-0.000217809
2014/5/5,-0.000251699
2014/5/6,-0.000231776
2014/5/7,-0.00023341
2014/5/8,-0.000236519
2014/5/9,-0.000267978
2014/5/12,-0.000253823
2014/5/13,-0.000260639
2014/5/14,-0.000271343
2014/5/15,-0.00028373
2014/5/16,-0.000291102
2014/5/19,-0.000309181
2014/5/20,-0.000282988
2014/5/21,-0.000276029
2014/5/22,-0.000311288
2014/5/23,-0.000323517
2014/5/26,-0.000329091
2014/5/27,-0.000339516
2014/5/28,-0.000323988
2014/5/29,-0.000311983
2014/5/30,-0.000320512
2014/6/3,-0.000327312
2014/6/4,-0.000374182
2014/6/5,-0.000355021
2014/6/6,-0.000362411
2014/6/9,-0.000344423
2014/6/10,-0.000320245
2014/6/11,-0.000296001
2014/6/12,-0.000298432
2014/6/13,-0.000258113
2014/6/16,-0.000215741
2014/6/17,-0.000173836
2014/6/18,-0.000193386
2014/6/19,-0.000210938
2014/6/20,-0.000213656
2014/6/23,-0.000202912
2014/6/24,-0.000136398
2014/6/25,-0.000142591
2014/6/26,-1.77E-05
2014/6/27,-1.21E-05
2014/6/30,-2.53E-06
2014/7/1,3.04E-06
2014/7/2,-2.35E-05
2014/7/3,-2.60E-05
2014/7/4,-3.39E-05
2014/7/7,-2.17E-05
2014/7/8,-3.25E-05
2014/7/9,-6.16E-05
2014/7/10,-1.66E-05
2014/7/11,-1.17E-05
2014/7/14,-4.10E-05
2014/7/15,-0.000116203
2014/7/16,-8.10E-05
2014/7/17,-0.000116031
2014/7/18,-0.000118254
2014/7/21,-9.03E-05
2014/7/22,-4.09E-05
2014/7/23,5.77E-06
2014/7/24,2.70E-05
2014/7/25,-4.11E-06
2014/7/28,5.63E-05
2014/7/29,7.07E-05
2014/7/30,7.43E-05
2014/7/31,0.000132782
2014/8/1,0.000106829
2014/8/4,0.000137835
2014/8/5,9.26E-05
2014/8/6,8.67E-05
2014/8/7,3.68E-05
2014/8/8,2.79E-05
2014/8/11,6.29E-05
2014/8/12,5.97E-05
2014/8/13,5.41E-05
2014/8/14,-1.24E-05
2014/8/15,1.15E-06
2014/8/18,1.86E-05
2014/8/19,3.90E-05
2014/8/20,4.58E-05
2014/8/21,1.68E-05
2014/8/22,3.90E-05
2014/8/25,2.54E-05
2014/8/26,1.50E-05
2014/8/27,3.04E-05
2014/8/28,-1.81E-05
2014/8/29,-1.91E-06
2014/9/1,2.01E-05
2014/9/2,4.99E-05
2014/9/3,6.93E-05
2014/9/4,7.69E-05
2014/9/5,6.80E-05
2014/9/9,6.79E-05
2014/9/10,6.55E-05
2014/9/11,4.73E-05
2014/9/12,-1.59E-06
2014/9/15,-2.65E-05
2014/9/16,-6.66E-05
2014/9/17,-7.45E-05
2014/9/18,-5.65E-05
2014/9/19,-3.74E-05
2014/9/22,-3.47E-05
2014/9/23,-2.36E-05
2014/9/24,-2.13E-05
2014/9/25,-4.89E-06
2014/9/26,5.79E-06
2014/9/29,4.52E-05
2014/9/30,3.98E-05
2014/10/8,4.89E-05
2014/10/9,2.81E-05
2014/10/10,9.25E-06
2014/10/13,1.81E-05
2014/10/14,-1.54E-05
2014/10/15,-6.05E-06
2014/10/16,-1.62E-05
2014/10/17,1.44E-05
2014/10/20,2.93E-05
2014/10/21,5.21E-06
2014/10/22,-3.71E-05
2014/10/23,-3.56E-05
2014/10/24,-1.99E-05
2014/10/27,-2.29E-05
2014/10/28,3.46E-05
2014/10/29,6.11E-05
2014/10/30,6.90E-05
2014/10/31,7.07E-05
2014/11/3,9.80E-05
2014/11/4,9.02E-05
2014/11/5,8.68E-05
2014/11/6,8.62E-05
2014/11/7,0.000105501
2014/11/10,0.000158306
2014/11/11,0.000177689
2014/11/12,0.000195657
2014/11/13,0.000168102
2014/11/14,0.000207636
2014/11/17,0.000185976
2014/11/18,0.000134419
2014/11/19,7.52E-05
2014/11/20,8.70E-05
2014/11/21,0.000109194
2014/11/24,0.000163132
2014/11/25,0.00019521
2014/11/26,0.000225801
2014/11/27,0.000246478
2014/11/28,0.000260715
2014/12/1,0.000249657
2014/12/2,0.000312569
2014/12/3,0.00035238
2014/12/4,0.000413041
2014/12/5,0.000401726
2014/12/8,0.000475745
2014/12/9,0.000407765
2014/12/10,0.000471209
2014/12/11,0.000448745
2014/12/12,0.000483
2014/12/15,0.000497863
2014/12/16,0.000545833
2014/12/17,0.000603372
2014/12/18,0.000604252
2014/12/19,0.000622706
2014/12/22,0.0006467
2014/12/23,0.00065159
2014/12/24,0.000597003
2014/12/25,0.000649393
2014/12/26,0.000692871
2014/12/29,0.000727676
2014/12/30,0.000699937
2014/12/31,0.000740496
2015/1/5,0.000769538
2015/1/6,0.000775275
2015/1/7,0.000799881
2015/1/8,0.000799109
2015/1/9,0.000793519
2015/1/12,0.000774332
2015/1/13,0.000789761
2015/1/14,0.000797576
2015/1/15,0.000855659
2015/1/16,0.000855438
2015/1/19,0.000720354
2015/1/20,0.000739056
2015/1/21,0.00084102
2015/1/22,0.000860004
2015/1/23,0.000845033
2015/1/26,0.000818576
2015/1/27,0.000811884
2015/1/28,0.000777185
2015/1/29,0.000778769
2015/1/30,0.000752079
2015/2/2,0.000705102
2015/2/3,0.000767184
2015/2/4,0.000741371
2015/2/5,0.000681284
2015/2/6,0.000639495
2015/2/9,0.000652552
2015/2/10,0.000692521
2015/2/11,0.000694139
2015/2/12,0.000686502
2015/2/13,0.00072186
2015/2/16,0.000716839
2015/2/17,0.000743965
2015/2/25,0.000740034
2015/2/26,0.000821191
2015/2/27,0.000868969
2015/3/2,0.000878241
2015/3/3,0.000840394
2015/3/4,0.000831843
2015/3/5,0.000805937
2015/3/6,0.000801937
2015/3/9,0.000847119
2015/3/10,0.000831081
2015/3/11,0.000837241
2015/3/12,0.000927285
2015/3/13,0.000930243
2015/3/16,0.000967203
2015/3/17,0.000969739
2015/3/18,0.001024202
2015/3/19,0.001005046
2015/3/20,0.001032549
2015/3/23,0.001081356
2015/3/24,0.001109555
2015/3/25,0.00103702
2015/3/26,0.001027097
2015/3/27,0.00103821
2015/3/30,0.001090715
2015/3/31,0.001087275
2015/4/1,0.00112092
2015/4/2,0.001125827
2015/4/3,0.001131396
2015/4/7,0.001154015
2015/4/8,0.001180889
2015/4/9,0.001151122
2015/4/10,0.001143665
2015/4/13,0.001172806
2015/4/14,0.00115262
2015/4/15,0.001132423
2015/4/16,0.001185549
2015/4/17,0.0012468
2015/4/20,0.001216371
2015/4/21,0.001259016
2015/4/22,0.0013037
2015/4/23,0.00133318
2015/4/24,0.001311711
2015/4/27,0.001351421
2015/4/28,0.001330998
2015/4/29,0.001360664
2015/4/30,0.001378142
2015/5/4,0.001372955
2015/5/5,0.001302679
2015/5/6,0.001288039
2015/5/7,0.001255554
2015/5/8,0.001305329
2015/5/11,0.001356041
2015/5/12,0.001378101
2015/5/13,0.001330682
2015/5/14,0.001328336
2015/5/15,0.001299485
2015/5/18,0.001306204
2015/5/19,0.001362514
2015/5/20,0.001396048
2015/5/21,0.001426448
2015/5/22,0.001448967
2015/5/25,0.001503852
2015/5/26,0.001523
2015/5/27,0.001511131
2015/5/28,0.001398488
2015/5/29,0.001383294
2015/6/1,0.001476419
2015/6/2,0.001504229
2015/6/3,0.001503349
2015/6/4,0.001533421
2015/6/5,0.001531697
2015/6/8,0.001584592
2015/6/9,0.001573226
2015/6/10,0.00154886
2015/6/11,0.00154844
2015/6/12,0.001563561
2015/6/15,0.001508179
2015/6/16,0.001443457
2015/6/17,0.001485994
2015/6/18,0.001422196
2015/6/19,0.001343225
2015/6/23,0.001389806
2015/6/24,0.001425455
2015/6/25,0.001354401
2015/6/26,0.001222393
2015/6/29,0.001151278
2015/6/30,0.001262333
2015/7/1,0.001163553
2015/7/2,0.00110421
2015/7/3,0.001003413
2015/7/6,0.001045266
2015/7/7,0.00101577
2015/7/8,0.000897321
2015/7/9,0.001000994
2015/7/10,0.001116271
2015/7/13,0.001164591
2015/7/14,0.001119177
2015/7/15,0.001038191
2015/7/16,0.001048881
2015/7/17,0.001117346
2015/7/20,0.001132114
2015/7/21,0.00112871
2015/7/22,0.001123326
2015/7/23,0.001140843
2015/7/24,0.001106331
2015/7/27,0.000921623
2015/7/28,0.000900215
2015/7/29,0.000905623
2015/7/30,0.000848929
2015/7/31,0.000856444
2015/8/3,0.000841264
2015/8/4,0.000909328
2015/8/5,0.000839627
2015/8/6,0.000828489
2015/8/7,0.000866404
2015/8/10,0.000969218
2015/8/11,0.000959018
2015/8/12,0.000912351
2015/8/13,0.000943682
2015/8/14,0.000941518
2015/8/17,0.000960198
2015/8/18,0.000831937
2015/8/19,0.00084895
2015/8/20,0.000792594
2015/8/21,0.000718247
2015/8/24,0.00056917
2015/8/25,0.000434106
2015/8/26,0.000440786
2015/8/27,0.000554214
2015/8/28,0.000623555
2015/8/31,0.00064814
2015/9/1,0.000625832
2015/9/2,0.000615247
2015/9/7,0.000532519
2015/9/8,0.00056016
2015/9/9,0.000581193
2015/9/10,0.000543607
2015/9/11,0.000541121
2015/9/14,0.000515806
2015/9/15,0.00045311
2015/9/16,0.000526316
2015/9/17,0.0004891
2015/9/18,0.000531265
2015/9/21,0.000552169
2015/9/22,0.000562876
2015/9/23,0.000511396
2015/9/24,0.000556173
2015/9/25,0.000513298
2015/9/28,0.00048886
2015/9/29,0.000458015
2015/9/30,0.000470869
2015/10/8,0.000512994
2015/10/9,0.000533415
2015/10/12,0.00056889
2015/10/13,0.000565077
2015/10/14,0.000556058
2015/10/15,0.00060471
2015/10/16,0.000633807
2015/10/19,0.00062171
2015/10/20,0.000656475
2015/10/21,0.000607295
2015/10/22,0.000623417
2015/10/23,0.00066114
2015/10/26,0.000680292
2015/10/27,0.000698281
2015/10/28,0.000669136
2015/10/29,0.000689079
2015/10/30,0.00065501
2015/11/2,0.000601842
2015/11/3,0.000584349
2015/11/4,0.000636299
2015/11/5,0.00066979
2015/11/6,0.000709537
2015/11/9,0.000737433
2015/11/10,0.000732432
2015/11/11,0.000735314
2015/11/12,0.000674752
2015/11/13,0.000657109
2015/11/16,0.000641433
2015/11/17,0.000648509
2015/11/18,0.000627871
2015/11/19,0.000664566
2015/11/20,0.000681624
2015/11/23,0.00067484
2015/11/24,0.000675174
2015/11/25,0.000656647
2015/11/26,0.000603164
2015/11/27,0.000484317
2015/11/30,0.000465002
2015/12/1,0.000457376
2015/12/2,0.00048511
2015/12/3,0.000490993
2015/12/4,0.000395218
2015/12/7,0.000374393
2015/12/8,0.00026627
2015/12/9,0.00026104
2015/12/10,0.000185753
2015/12/11,0.000257719
2015/12/14,0.000243903
2015/12/15,0.000256765
2015/12/16,0.00024706
2015/12/17,0.000266789
2015/12/18,0.000226743
2015/12/21,0.000241435
2015/12/22,0.000253765
2015/12/23,0.000230082
2015/12/24,0.000207768
2015/12/25,0.000247406
2015/12/28,0.000246737
2015/12/29,0.000207359
2015/12/30,0.000152741
2015/12/31,0.000132224
2016/1/4,5.73E-06
2016/1/5,-2.70E-05
2016/1/6,-4.88E-05
2016/1/7,-0.000172437
2016/1/8,-0.000138938
2016/1/11,-0.000187443
2016/1/12,-0.000168849
2016/1/13,-0.000185037
2016/1/14,-0.000149758
2016/1/15,-0.000199962
2016/1/18,-0.000242673
2016/1/19,-0.000207319
2016/1/20,-9.55E-05
2016/1/21,-0.000167678
2016/1/22,-0.000225592
2016/1/25,-0.000226139
2016/1/26,-0.000335143
2016/1/27,-0.000358515
2016/1/28,-0.000388294
2016/1/29,-0.000309335
2016/2/1,-0.000314479
2016/2/2,-0.000255408
2016/2/3,-0.000221969
2016/2/4,-0.000243361
2016/2/5,-0.00023753
2016/2/15,-0.000229759
2016/2/16,-0.000149583
2016/2/17,-0.000152076
2016/2/18,-0.000188643
2016/2/19,-0.000203529
2016/2/22,-0.000170331
2016/2/23,-0.000200157
2016/2/24,-0.000203595
2016/2/25,-0.000323936
2016/2/26,-0.000285273
2016/2/29,-0.000369869
2016/3/1,-0.000341443
2016/3/2,-0.000285581
2016/3/3,-0.00023631
2016/3/4,-0.000227662
2016/3/7,-0.00020466
2016/3/8,-0.000194284
2016/3/9,-0.000243328
2016/3/10,-0.000268243
2016/3/11,-0.000267288
2016/3/14,-0.000273451
2016/3/15,-0.000280213
2016/3/16,-0.000313111
2016/3/17,-0.000317922
2016/3/18,-0.000332097
2016/3/21,-0.000287672
2016/3/22,-0.000323811
2016/3/23,-0.000353156
2016/3/24,-0.000382716
2016/3/25,-0.000359871
2016/3/28,-0.000379265
2016/3/29,-0.000407469
2016/3/30,-0.000413397
2016/3/31,-0.000396768
2016/4/1,-0.000425381
2016/4/5,-0.000403117
2016/4/6,-0.000425809
2016/4/7,-0.000488114
2016/4/8,-0.000515219
2016/4/11,-0.000477824
2016/4/12,-0.000517004
2016/4/13,-0.000524309
2016/4/14,-0.000523347
2016/4/15,-0.000502712
2016/4/18,-0.000577477
2016/4/19,-0.000603477
2016/4/20,-0.000606171
2016/4/21,-0.000653942
2016/4/22,-0.000690599
2016/4/25,-0.000697992
2016/4/26,-0.00067472
2016/4/27,-0.00071995
2016/4/28,-0.000699135
2016/4/29,-0.000712985
2016/5/3,-0.000673412
2016/5/4,-0.00068928
2016/5/5,-0.000616763
2016/5/6,-0.000645779
2016/5/9,-0.000649992
2016/5/10,-0.000681746
2016/5/11,-0.000723314
2016/5/12,-0.000739998
2016/5/13,-0.000737944
2016/5/16,-0.000720102
2016/5/17,-0.00069446
2016/5/18,-0.000688664
2016/5/19,-0.000749591
2016/5/20,-0.000749379
2016/5/23,-0.000775261
2016/5/24,-0.000827367
2016/5/25,-0.000880617
2016/5/26,-0.00091109
2016/5/27,-0.000906244
2016/5/30,-0.000784265
2016/5/31,-0.000729845
2016/6/1,-0.000816565
2016/6/2,-0.000841846
2016/6/3,-0.000823678
2016/6/6,-0.000842012
2016/6/7,-0.000859219
2016/6/8,-0.00090644
2016/6/13,-0.000948746
2016/6/14,-0.000940628
2016/6/15,-0.000917327
2016/6/16,-0.000938605
2016/6/17,-0.000892687
2016/6/20,-0.000839012
2016/6/21,-0.000867532
2016/6/22,-0.00078096
2016/6/23,-0.000684367
2016/6/24,-0.000761233
2016/6/27,-0.000770641
2016/6/28,-0.000699478
2016/6/29,-0.000550028
2016/6/30,-0.000490175
2016/7/1,-0.000602023
2016/7/4,-0.000487738
2016/7/5,-0.000426508
2016/7/6,-0.000325674
2016/7/7,-0.000378584
2016/7/8,-0.000357423
2016/7/11,-0.000231111
2016/7/12,-0.000300916
2016/7/13,-0.000385811
2016/7/14,-0.000432635
2016/7/15,-0.000391619
2016/7/18,-0.0003371
2016/7/19,-0.000357645
2016/7/20,-0.000428494
2016/7/21,-0.000424353
2016/7/22,-0.000441147
2016/7/25,-0.000434423
2016/7/26,-0.000452295
2016/7/27,-0.000449092
2016/7/28,-0.000293291
2016/7/29,-0.000299072
2016/8/1,-0.000366838
2016/8/2,-0.000309047
2016/8/3,-0.000307221
2016/8/4,-0.000308681
2016/8/5,-0.000359333
2016/8/8,-0.000307932
2016/8/9,-0.000280133
2016/8/10,-0.000320815
2016/8/11,-0.000402663
2016/8/12,-0.000363036
2016/8/15,-0.000290358
2016/8/16,-0.000323353
2016/8/17,-0.000325195
2016/8/18,-0.000331405
2016/8/19,-0.000220993
2016/8/22,-0.000262652
2016/8/23,-0.000203853
2016/8/24,-0.000129416
2016/8/25,1.75E-05
2016/8/26,0.000143468
2016/8/29,0.00015362
2016/8/30,5.62E-05
2016/8/31,-7.49E-06
2016/9/1,-3.36E-05
2016/9/2,-2.48E-05
2016/9/5,-2.38E-05
2016/9/6,4.82E-05
2016/9/7,3.51E-06
2016/9/8,-3.06E-05
2016/9/9,-2.04E-05
2016/9/12,-4.41E-05
2016/9/13,-1.10E-05
2016/9/14,4.67E-05
2016/9/19,-2.42E-05
2016/9/20,1.08E-05
2016/9/21,8.13E-06
2016/9/22,-8.95E-06
2016/9/23,-3.30E-05
2016/9/26,-2.27E-05
2016/9/27,-2.34E-05
2016/9/28,-5.65E-07
2016/9/29,8.71E-07
2016/9/30,3.99E-05
2016/10/10,4.82E-05
2016/10/11,5.26E-06
2016/10/12,-2.08E-05
2016/10/13,-7.41E-05
2016/10/14,-7.11E-05
2016/10/17,-6.61E-05
2016/10/18,-8.38E-05
2016/10/19,-0.00010964
2016/10/20,-0.000108467
2016/10/21,-0.00012482
2016/10/24,-5.32E-05
2016/10/25,-7.86E-05
2016/10/26,-0.000107748
2016/10/27,-0.000121103
2016/10/28,-0.000125712
2016/10/31,-9.48E-05
2016/11/1,-8.72E-05
2016/11/2,-0.000100776
2016/11/3,-5.59E-05
2016/11/4,-5.63E-05
2016/11/7,-0.00013426
2016/11/8,-0.000163205
2016/11/9,-0.000212634
2016/11/10,-0.000214659
2016/11/11,-0.000197988
2016/11/14,-0.000191614
2016/11/15,-0.000174487
2016/11/16,-0.000152196
2016/11/17,-0.000156918
2016/11/18,-0.000163883
2016/11/21,-0.000132254
2016/11/22,-0.000145989
2016/11/23,-0.000142558
2016/11/24,-0.000125989
2016/11/25,-0.000110232
2016/11/28,-0.000116181
2016/11/29,-9.20E-05
2016/11/30,-9.23E-06
2016/12/1,-6.62E-07
2016/12/2,-3.04E-05
2016/12/5,-0.000121096
2016/12/6,-0.000138813
2016/12/7,-9.73E-05
2016/12/8,-0.000104754
2016/12/9,-6.26E-05
2016/12/12,-0.000110979
2016/12/13,-0.000106967
2016/12/14,-0.000113063
2016/12/15,-0.000181452
2016/12/16,-0.000170686
2016/12/19,-0.00017531
2016/12/20,-0.000218287
2016/12/21,-0.000208508
2016/12/22,-0.000254267
2016/12/23,-0.000273621
2016/12/26,-0.00026132
2016/12/27,-0.000247878
2016/12/28,-0.000259385
2016/12/29,-0.00021116
2016/12/30,-0.000220502
2017/1/3,-0.000205355
2017/1/4,-0.000176247
2017/1/5,-5.11E-05
2017/1/6,-6.62E-05
2017/1/9,-8.78E-05
2017/1/10,3.31E-05
2017/1/11,-1.39E-05
2017/1/12,6.63E-05
2017/1/13,5.50E-05
2017/1/16,8.71E-05
2017/1/17,5.52E-05
2017/1/18,0.000117805
2017/1/19,0.000105976
2017/1/20,6.90E-05
2017/1/23,0.000100029
2017/1/24,0.00015148
2017/1/25,0.000139469
2017/1/26,0.000137095
2017/2/3,0.000232129
2017/2/6,0.000242555
2017/2/7,0.000284352
2017/2/8,0.000238465
2017/2/9,0.000271625
2017/2/10,0.000244888
2017/2/13,0.000263757
2017/2/14,0.000242534
2017/2/15,0.000247602
2017/2/16,0.000267216
2017/2/17,0.000205391
2017/2/20,0.00021552
2017/2/21,0.000226606
2017/2/22,0.000231228
2017/2/23,0.000185506
2017/2/24,0.000202153
2017/2/27,0.000177165
2017/2/28,0.000289586
2017/3/1,0.000275192
2017/3/2,0.000305272
2017/3/3,0.000270052
2017/3/6,0.000209867
2017/3/7,0.000209604
2017/3/8,0.00018712
2017/3/9,0.000170108
2017/3/10,0.000169016
2017/3/13,0.000204084
2017/3/14,0.000236665
2017/3/15,0.000237195
2017/3/16,0.000219204
2017/3/17,0.000196338
2017/3/20,0.000189712
2017/3/21,0.000179102
2017/3/22,0.000144832
2017/3/23,0.000109191
2017/3/24,0.000135474
2017/3/27,0.000124262
2017/3/28,0.000149309
2017/3/29,0.000138385
2017/3/30,0.000139393
2017/3/31,0.0001678
2017/4/5,0.000147606
2017/4/6,0.000151626
2017/4/7,0.000151258
2017/4/10,0.000122579
2017/4/11,0.000132241
2017/4/12,0.000154083
2017/4/13,0.000169299
2017/4/14,0.000131647
2017/4/17,0.000134623
2017/4/18,0.000103248
2017/4/19,8.72E-05
2017/4/20,9.69E-05
2017/4/21,0.000122752
2017/4/24,9.97E-05
2017/4/25,0.00013537
2017/4/26,0.000148581
2017/4/27,0.000141571
2017/4/28,0.000145083
2017/5/2,0.000129161
2017/5/3,0.000129575
2017/5/4,0.000128066
2017/5/5,0.000119064
2017/5/8,7.62E-05
2017/5/9,7.52E-05
2017/5/10,6.51E-05
2017/5/11,0.00012029
2017/5/12,0.000170989
2017/5/15,0.000176044
2017/5/16,0.00018324
2017/5/17,0.000169732
2017/5/18,0.000172225
2017/5/19,0.000163755
2017/5/22,0.000172667
2017/5/23,0.000189273
2017/5/24,0.000192378
2017/5/25,0.000214228
2017/5/26,0.000206613
2017/5/31,0.000226026
2017/6/1,0.000230855
2017/6/2,0.000222509
2017/6/5,0.00021467
2017/6/6,0.00022425
2017/6/7,0.000187506
2017/6/8,0.000205583
2017/6/9,0.000209351
2017/6/12,0.000196438
2017/6/13,0.000205938
2017/6/14,0.000184136
2017/6/15,0.000188058
2017/6/16,0.00023718
2017/6/19,0.000248784
2017/6/20,0.000222816
2017/6/21,0.000254888
2017/6/22,0.000247321
2017/6/23,0.000261591
2017/6/26,0.000286483
2017/6/27,0.000274329
2017/6/28,0.000270062
2017/6/29,0.000303085
2017/6/30,0.000278006
2017/7/3,0.000261756
2017/7/4,0.000238905
2017/7/5,0.000256319
2017/7/6,0.000256364
2017/7/7,0.000227026
2017/7/10,0.000224529
2017/7/11,0.000227531
2017/7/12,0.000225567
2017/7/13,0.000248265
2017/7/14,0.000249852
2017/7/17,0.00019418
2017/7/18,0.000190788
2017/7/19,0.000223155
2017/7/20,0.000231765
2017/7/21,0.000230394
2017/7/24,0.000244554
2017/7/25,0.000239155
2017/7/26,0.000224659
2017/7/27,0.000242381
2017/7/28,0.000243815
2017/7/31,0.000230678
2017/8/1,0.000272884
2017/8/2,0.00026697
2017/8/3,0.000261004
2017/8/4,0.000266267
2017/8/7,0.000268551
2017/8/8,0.000268642
2017/8/9,0.000263908
2017/8/10,0.000254855
2017/8/11,0.000207195
2017/8/14,0.000217308
2017/8/15,0.000229841
2017/8/16,0.000232993
2017/8/17,0.000210073
2017/8/18,0.000160521
2017/8/21,0.000175773
2017/8/22,0.00018363
2017/8/23,0.000189749
2017/8/24,0.000179612
2017/8/25,0.000222093
2017/8/28,0.000240688
2017/8/29,0.000243204
2017/8/30,0.000253942
2017/8/31,0.000249424
2017/9/1,0.000252871
2017/9/4,0.00025745
2017/9/5,0.000254363
2017/9/6,0.000264591
2017/9/7,0.000249274
2017/9/8,0.000244633
2017/9/11,0.000232607
2017/9/12,0.000239063
2017/9/13,0.000241814
2017/9/14,0.000247272
2017/9/15,0.000276914
2017/9/18,0.000283431
2017/9/19,0.000289938
2017/9/20,0.000281643
2017/9/21,0.000282593
2017/9/22,0.000277671
2017/9/25,0.000255827
2017/9/26,0.000265285
2017/9/27,0.000294866
2017/9/28,0.000284544
2017/9/29,0.000296083