date,index_zz500
2010/1/4,0.001426339
2010/1/5,0.001472423
2010/1/6,0.001399346
2010/1/7,0.001304421
2010/1/8,0.001314957
2010/1/11,0.001369433
2010/1/12,0.001359762
2010/1/13,0.001317198
2010/1/14,0.001408678
2010/1/15,0.001357194
2010/1/18,0.001369821
2010/1/19,0.00135869
2010/1/20,0.001295841
2010/1/21,0.001284583
2010/1/22,0.001233984
2010/1/25,0.001182461
2010/1/26,0.001123115
2010/1/27,0.001060038
2010/1/28,0.001041441
2010/1/29,0.001017581
2010/2/1,0.001028494
2010/2/2,0.000939667
2010/2/3,0.000905965
2010/2/4,0.000875053
2010/2/5,0.000833508
2010/2/8,0.000801314
2010/2/9,0.000741005
2010/2/10,0.000732491
2010/2/11,0.000800057
2010/2/12,0.000891328
2010/2/22,0.000857267
2010/2/23,0.000816204
2010/2/24,0.000795467
2010/2/25,0.000895144
2010/2/26,0.000886375
2010/3/1,0.001034436
2010/3/2,0.001142587
2010/3/3,0.001123891
2010/3/4,0.001045924
2010/3/5,0.000951246
2010/3/8,0.000956795
2010/3/9,0.000970571
2010/3/10,0.001025839
2010/3/11,0.000968364
2010/3/12,0.000951049
2010/3/15,0.000929817
2010/3/16,0.000962373
2010/3/17,0.000987247
2010/3/18,0.000930049
2010/3/19,0.000920093
2010/3/22,0.00089077
2010/3/23,0.00088719
2010/3/24,0.000859601
2010/3/25,0.000823563
2010/3/26,0.000896668
2010/3/29,0.00086869
2010/3/30,0.000861549
2010/3/31,0.00086262
2010/4/1,0.000869791
2010/4/2,0.000846914
2010/4/6,0.000848684
2010/4/7,0.00087089
2010/4/8,0.000851332
2010/4/9,0.000937307
2010/4/12,0.000921714
2010/4/13,0.000847129
2010/4/14,0.000843887
2010/4/15,0.000794522
2010/4/16,0.000764367
2010/4/19,0.000680476
2010/4/20,0.000724656
2010/4/21,0.000729027
2010/4/22,0.000732424
2010/4/23,0.000808561
2010/4/26,0.000799766
2010/4/27,0.000767067
2010/4/28,0.000827878
2010/4/29,0.000745293
2010/4/30,0.00065228
2010/5/4,0.00062453
2010/5/5,0.000617452
2010/5/6,0.000545481
2010/5/7,0.000494991
2010/5/10,0.000473968
2010/5/11,0.000414921
2010/5/12,0.00043839
2010/5/13,0.000444735
2010/5/14,0.000444122
2010/5/17,0.000322982
2010/5/18,0.00033484
2010/5/19,0.000324032
2010/5/20,0.000275175
2010/5/21,0.000320552
2010/5/24,0.000428214
2010/5/25,0.00041196
2010/5/26,0.000407706
2010/5/27,0.000436433
2010/5/28,0.000442234
2010/5/31,0.000359112
2010/6/1,0.000314676
2010/6/2,0.00032581
2010/6/3,0.000315464
2010/6/4,0.000340587
2010/6/7,0.000336479
2010/6/8,0.000343407
2010/6/9,0.00036741
2010/6/10,0.000382451
2010/6/11,0.000409795
2010/6/17,0.000363634
2010/6/18,0.00029397
2010/6/21,0.000315168
2010/6/22,0.000315125
2010/6/23,0.000303176
2010/6/24,0.000318064
2010/6/25,0.000296293
2010/6/28,0.0002475
2010/6/29,0.000148996
2010/6/30,0.000104702
2010/7/1,6.31679E-05
2010/7/2,6.53013E-05
2010/7/5,2.93252E-05
2010/7/6,5.97113E-05
2010/7/7,6.31519E-05
2010/7/8,4.99728E-05
2010/7/9,0.000101805
2010/7/12,9.95626E-05
2010/7/13,4.00166E-05
2010/7/14,4.75561E-05
2010/7/15,-8.71621E-06
2010/7/16,-2.56989E-05
2010/7/19,-2.83238E-06
2010/7/20,5.41167E-05
2010/7/21,4.70216E-05
2010/7/22,4.27456E-05
2010/7/23,8.40697E-05
2010/7/26,7.6398E-05
2010/7/27,5.84788E-05
2010/7/28,0.000108668
2010/7/29,9.34657E-05
2010/7/30,7.05985E-05
2010/8/2,0.000216233
2010/8/3,0.000168457
2010/8/4,0.000134722
2010/8/5,0.000103036
2010/8/6,0.000117317
2010/8/9,0.000139945
2010/8/10,9.64129E-05
2010/8/11,0.000170466
2010/8/12,0.000130156
2010/8/13,0.000154094
2010/8/16,0.000275361
2010/8/17,0.000285074
2010/8/18,0.000363429
2010/8/19,0.000489628
2010/8/20,0.000418693
2010/8/23,0.000525258
2010/8/24,0.00047938
2010/8/25,0.000397732
2010/8/26,0.000373641
2010/8/27,0.000413601
2010/8/30,0.000407088
2010/8/31,0.000404355
2010/9/1,0.000429254
2010/9/2,0.000593414
2010/9/3,0.000624646
2010/9/6,0.000610093
2010/9/7,0.000536787
2010/9/8,0.000520907
2010/9/9,0.000479223
2010/9/10,0.000464897
2010/9/13,0.000485675
2010/9/14,0.000506526
2010/9/15,0.000450617
2010/9/16,0.000362354
2010/9/17,0.00034185
2010/9/20,0.00032022
2010/9/21,0.00027832
2010/9/27,0.000384172
2010/9/28,0.000347543
2010/9/29,0.000367777
2010/9/30,0.000447056
2010/10/8,0.000499314
2010/10/11,0.000522411
2010/10/12,0.000578979
2010/10/13,0.000621651
2010/10/14,0.000550182
2010/10/15,0.000467683
2010/10/18,0.000437139
2010/10/19,0.000460038
2010/10/20,0.000449909
2010/10/21,0.000458614
2010/10/22,0.000468471
2010/10/25,0.000468739
2010/10/26,0.000459196
2010/10/27,0.000453135
2010/10/28,0.000447711
2010/10/29,0.000443491
2010/11/1,0.000490492
2010/11/2,0.000527991
2010/11/3,0.000485671
2010/11/4,0.000560138
2010/11/5,0.000564697
2010/11/8,0.000546249
2010/11/9,0.000515939
2010/11/10,0.000508435
2010/11/11,0.000476591
2010/11/12,0.000361043
2010/11/15,0.00039609
2010/11/16,0.000331004
2010/11/17,0.000250248
2010/11/18,0.000271592
2010/11/19,0.000300905
2010/11/22,0.000285248
2010/11/23,0.000246851
2010/11/24,0.000287283
2010/11/25,0.000278041
2010/11/26,0.000255138
2010/11/29,0.000230621
2010/11/30,0.000278731
2010/12/1,0.000216766
2010/12/2,0.000295663
2010/12/3,0.000328449
2010/12/6,0.000223909
2010/12/7,0.000200828
2010/12/8,0.000170882
2010/12/9,0.000123358
2010/12/10,0.000192699
2010/12/13,0.000211367
2010/12/14,0.000236439
2010/12/15,0.000260017
2010/12/16,0.0002408
2010/12/17,0.000245276
2010/12/20,0.000231844
2010/12/21,0.000247734
2010/12/22,0.0002384
2010/12/23,0.000257895
2010/12/24,0.000296133
2010/12/27,0.00022487
2010/12/28,0.000231113
2010/12/29,0.000230452
2010/12/30,0.000181713
2010/12/31,0.000207708
2011/1/4,0.000205873
2011/1/5,0.000205462
2011/1/6,0.000202797
2011/1/7,0.000178642
2011/1/10,0.000118135
2011/1/11,9.10808E-05
2011/1/12,0.00010409
2011/1/13,0.000136518
2011/1/14,7.79867E-05
2011/1/17,-8.76258E-06
2011/1/18,-3.85651E-05
2011/1/19,2.05493E-05
2011/1/20,-8.87967E-05
2011/1/21,-8.99074E-05
2011/1/24,-0.000160944
2011/1/25,-0.000183604
2011/1/26,-8.59143E-05
2011/1/27,-6.18005E-05
2011/1/28,3.91866E-06
2011/1/31,4.91726E-05
2011/2/1,0.0001299
2011/2/9,0.000133098
2011/2/10,0.000151183
2011/2/11,0.00015517
2011/2/14,0.000202883
2011/2/15,0.000213707
2011/2/16,0.000218437
2011/2/17,0.000212683
2011/2/18,0.000235101
2011/2/21,0.000270315
2011/2/22,0.000223777
2011/2/23,0.000226344
2011/2/24,0.000246953
2011/2/25,0.000225234
2011/2/28,0.000245175
2011/3/1,0.000238983
2011/3/2,0.000197236
2011/3/3,0.000135624
2011/3/4,0.00015391
2011/3/7,0.000158682
2011/3/8,0.0001664
2011/3/9,0.00014675
2011/3/10,0.000197491
2011/3/11,0.000189488
2011/3/14,0.00018766
2011/3/15,0.000166
2011/3/16,0.000211458
2011/3/17,0.000193189
2011/3/18,0.000227518
2011/3/21,0.000228418
2011/3/22,0.000214173
2011/3/23,0.000190424
2011/3/24,0.000189517
2011/3/25,0.000191605
2011/3/28,0.000177676
2011/3/29,0.000159764
2011/3/30,0.000134961
2011/3/31,0.00013608
2011/4/1,0.000133722
2011/4/6,0.000117822
2011/4/7,0.000121085
2011/4/8,0.000136705
2011/4/11,9.71491E-05
2011/4/12,9.39253E-05
2011/4/13,0.000107487
2011/4/14,9.88856E-05
2011/4/15,0.000102292
2011/4/18,8.16739E-05
2011/4/19,4.77337E-05
2011/4/20,7.95871E-05
2011/4/21,7.14168E-05
2011/4/22,8.56309E-05
2011/4/25,5.40604E-05
2011/4/26,0.000100559
2011/4/27,5.83482E-05
2011/4/28,-4.94973E-05
2011/4/29,-2.31953E-05
2011/5/3,1.98713E-05
2011/5/4,-1.84315E-05
2011/5/5,3.16855E-05
2011/5/6,4.88487E-05
2011/5/9,0.000119856
2011/5/10,0.00017696
2011/5/11,0.000182514
2011/5/12,0.000109337
2011/5/13,0.00017866
2011/5/16,0.000205134
2011/5/17,0.000228348
2011/5/18,0.000290825
2011/5/19,0.000324436
2011/5/20,0.000270053
2011/5/23,0.000192553
2011/5/24,0.000304346
2011/5/25,0.000259916
2011/5/26,0.00024047
2011/5/27,0.000218611
2011/5/30,0.000150202
2011/5/31,0.00011248
2011/6/1,0.000142977
2011/6/2,0.000114741
2011/6/3,0.000113643
2011/6/7,0.00012249
2011/6/8,0.000182548
2011/6/9,0.000175259
2011/6/10,0.000155436
2011/6/13,0.000167886
2011/6/14,0.000180652
2011/6/15,0.000171881
2011/6/16,0.000118627
2011/6/17,5.05972E-05
2011/6/20,2.23699E-05
2011/6/21,5.6703E-05
2011/6/22,7.16536E-05
2011/6/23,0.000177388
2011/6/24,0.000169408
2011/6/27,0.000178081
2011/6/28,0.000191006
2011/6/29,0.000166826
2011/6/30,0.000220897
2011/7/1,0.000259363
2011/7/4,0.000402242
2011/7/5,0.000446947
2011/7/6,0.000478548
2011/7/7,0.000488809
2011/7/8,0.000497518
2011/7/11,0.000464586
2011/7/12,0.00041499
2011/7/13,0.000458446
2011/7/14,0.000422762
2011/7/15,0.000414438
2011/7/18,0.000441587
2011/7/19,0.000407359
2011/7/20,0.000449684
2011/7/21,0.000416411
2011/7/22,0.000383865
2011/7/25,0.000267086
2011/7/26,0.00027089
2011/7/27,0.000274052
2011/7/28,0.000264258
2011/7/29,0.000221082
2011/8/1,0.000228026
2011/8/2,0.000176345
2011/8/3,0.000168631
2011/8/4,0.000178844
2011/8/5,0.000113719
2011/8/8,5.54523E-05
2011/8/9,2.78079E-05
2011/8/10,4.41462E-05
2011/8/11,3.84896E-05
2011/8/12,3.56769E-05
2011/8/15,0.000127193
2011/8/16,9.1905E-05
2011/8/17,0.000107079
2011/8/18,4.44884E-05
2011/8/19,-1.10615E-05
2011/8/22,-3.66505E-05
2011/8/23,-8.60917E-06
2011/8/24,-1.29931E-05
2011/8/25,5.95689E-05
2011/8/26,4.84927E-05
2011/8/29,1.29679E-05
2011/8/30,3.26046E-05
2011/8/31,1.22026E-05
2011/9/1,-1.42027E-05
2011/9/2,-8.06023E-05
2011/9/5,-0.000137212
2011/9/6,-0.000128427
2011/9/7,-0.00012317
2011/9/8,-0.000155698
2011/9/9,-0.000162344
2011/9/13,-0.000201188
2011/9/14,-0.00019633
2011/9/15,-0.000172029
2011/9/16,-0.000189719
2011/9/19,-0.000254598
2011/9/20,-0.000251943
2011/9/21,-0.00017432
2011/9/22,-0.000180759
2011/9/23,-0.000192176
2011/9/26,-0.000201193
2011/9/27,-0.000191638
2011/9/28,-0.000268315
2011/9/29,-0.000317576
2011/9/30,-0.000300049
2011/10/10,-0.000337109
2011/10/11,-0.000382959
2011/10/12,-0.000331705
2011/10/13,-0.000315578
2011/10/14,-0.000333745
2011/10/17,-0.000271654
2011/10/18,-0.000328607
2011/10/19,-0.000318542
2011/10/20,-0.000422125
2011/10/21,-0.000459714
2011/10/24,-0.00044362
2011/10/25,-0.000410982
2011/10/26,-0.000434591
2011/10/27,-0.000448902
2011/10/28,-0.000391918
2011/10/31,-0.000384698
2011/11/1,-0.000403658
2011/11/2,-0.000420925
2011/11/3,-0.000401653
2011/11/4,-0.000362607
2011/11/7,-0.000412758
2011/11/8,-0.000464184
2011/11/9,-0.000473642
2011/11/10,-0.000511201
2011/11/11,-0.000517465
2011/11/14,-0.000462534
2011/11/15,-0.000341394
2011/11/16,-0.000432739
2011/11/17,-0.00037407
2011/11/18,-0.00035005
2011/11/21,-0.000375538
2011/11/22,-0.000430491
2011/11/23,-0.000460595
2011/11/24,-0.000434341
2011/11/25,-0.000492813
2011/11/28,-0.00050875
2011/11/29,-0.000469666
2011/11/30,-0.000547616
2011/12/1,-0.000467314
2011/12/2,-0.00050506
2011/12/5,-0.00056963
2011/12/6,-0.000556998
2011/12/7,-0.000523632
2011/12/8,-0.000547789
2011/12/9,-0.000559797
2011/12/12,-0.000546315
2011/12/13,-0.000632872
2011/12/14,-0.000713417
2011/12/15,-0.000782843
2011/12/16,-0.000728641
2011/12/19,-0.00072024
2011/12/20,-0.000729258
2011/12/21,-0.000749557
2011/12/22,-0.000791893
2011/12/23,-0.000760984
2011/12/26,-0.000735683
2011/12/27,-0.000753251
2011/12/28,-0.000712522
2011/12/29,-0.000669777
2011/12/30,-0.000667673
2012/1/4,-0.000713163
2012/1/5,-0.0008162
2012/1/6,-0.000834737
2012/1/9,-0.000772082
2012/1/10,-0.000692994
2012/1/11,-0.000683267
2012/1/12,-0.000632921
2012/1/13,-0.00068245
2012/1/16,-0.000748599
2012/1/17,-0.000652778
2012/1/18,-0.000650797
2012/1/19,-0.000557459
2012/1/20,-0.000540487
2012/1/30,-0.000593546
2012/1/31,-0.000528706
2012/2/1,-0.000554664
2012/2/2,-0.000480562
2012/2/3,-0.000430049
2012/2/6,-0.000447783
2012/2/7,-0.000506163
2012/2/8,-0.000478515
2012/2/9,-0.000489965
2012/2/10,-0.000488215
2012/2/13,-0.000464868
2012/2/14,-0.000508381
2012/2/15,-0.000501538
2012/2/16,-0.000532574
2012/2/17,-0.000537318
2012/2/20,-0.00056202
2012/2/21,-0.000553082
2012/2/22,-0.000503746
2012/2/23,-0.000533255
2012/2/24,-0.000461261
2012/2/27,-0.000481983
2012/2/28,-0.000507353
2012/2/29,-0.000531989
2012/3/1,-0.000544147
2012/3/2,-0.000517188
2012/3/5,-0.000510775
2012/3/6,-0.000494045
2012/3/7,-0.000526904
2012/3/8,-0.000523676
2012/3/9,-0.00050748
2012/3/12,-0.000502413
2012/3/13,-0.000472491
2012/3/14,-0.000550518
2012/3/15,-0.000588337
2012/3/16,-0.000523723
2012/3/19,-0.000526925
2012/3/20,-0.000533022
2012/3/21,-0.00053438
2012/3/22,-0.000528717
2012/3/23,-0.000562217
2012/3/26,-0.000587427
2012/3/27,-0.000598385
2012/3/28,-0.000691297
2012/3/29,-0.000719113
2012/3/30,-0.000694014
2012/4/5,-0.000621331
2012/4/6,-0.000588427
2012/4/9,-0.000630632
2012/4/10,-0.000608106
2012/4/11,-0.000612923
2012/4/12,-0.000597443
2012/4/13,-0.00056713
2012/4/16,-0.000564705
2012/4/17,-0.000607122
2012/4/18,-0.000563636
2012/4/19,-0.000571822
2012/4/20,-0.000562646
2012/4/23,-0.000562426
2012/4/24,-0.000586388
2012/4/25,-0.000573784
2012/4/26,-0.000574901
2012/4/27,-0.000554246
2012/5/2,-0.000500264
2012/5/3,-0.000473165
2012/5/4,-0.000405683
2012/5/7,-0.000422814
2012/5/8,-0.000452877
2012/5/9,-0.00044575
2012/5/10,-0.000443872
2012/5/11,-0.000459264
2012/5/14,-0.000475858
2012/5/15,-0.000487922
2012/5/16,-0.000513032
2012/5/17,-0.000464729
2012/5/18,-0.000505688
2012/5/21,-0.000506127
2012/5/22,-0.000469774
2012/5/23,-0.000482131
2012/5/24,-0.000487253
2012/5/25,-0.000501408
2012/5/28,-0.000410615
2012/5/29,-0.000380871
2012/5/30,-0.00035808
2012/5/31,-0.000340272
2012/6/1,-0.000289318
2012/6/4,-0.000313766
2012/6/5,-0.000354681
2012/6/6,-0.000380995
2012/6/7,-0.000366597
2012/6/8,-0.00040418
2012/6/11,-0.000388135
2012/6/12,-0.000404501
2012/6/13,-0.000332433
2012/6/14,-0.000347619
2012/6/15,-0.000349275
2012/6/18,-0.00036008
2012/6/19,-0.000356919
2012/6/20,-0.000329481
2012/6/21,-0.000325518
2012/6/25,-0.000349617
2012/6/26,-0.000375039
2012/6/27,-0.000374907
2012/6/28,-0.000431447
2012/6/29,-0.000450979
2012/7/2,-0.000454361
2012/7/3,-0.000453651
2012/7/4,-0.000438639
2012/7/5,-0.000503986
2012/7/6,-0.000479405
2012/7/9,-0.00056571
2012/7/10,-0.000593528
2012/7/11,-0.000578129
2012/7/12,-0.000555089
2012/7/13,-0.000560955
2012/7/16,-0.000639753
2012/7/17,-0.000603018
2012/7/18,-0.000627464
2012/7/19,-0.000621615
2012/7/20,-0.000643757
2012/7/23,-0.000659951
2012/7/24,-0.000629754
2012/7/25,-0.000646591
2012/7/26,-0.000638908
2012/7/27,-0.000654672
2012/7/30,-0.000621192
2012/7/31,-0.000660005
2012/8/1,-0.000657602
2012/8/2,-0.000657705
2012/8/3,-0.000604065
2012/8/6,-0.000569619
2012/8/7,-0.000541151
2012/8/8,-0.000552549
2012/8/9,-0.000536805
2012/8/10,-0.000507631
2012/8/13,-0.00045903
2012/8/14,-0.000437307
2012/8/15,-0.000481774
2012/8/16,-0.000523853
2012/8/17,-0.00054369
2012/8/20,-0.000567292
2012/8/21,-0.000528662
2012/8/22,-0.000536489
2012/8/23,-0.000495315
2012/8/24,-0.000511817
2012/8/27,-0.000543106
2012/8/28,-0.000561911
2012/8/29,-0.000570799
2012/8/30,-0.00063365
2012/8/31,-0.000632055
2012/9/3,-0.00058361
2012/9/4,-0.00058801
2012/9/5,-0.000570571
2012/9/6,-0.000537253
2012/9/7,-0.000456096
2012/9/10,-0.000398264
2012/9/11,-0.000391668
2012/9/12,-0.000419415
2012/9/13,-0.000424893
2012/9/14,-0.000409657
2012/9/17,-0.000433747
2012/9/18,-0.000460602
2012/9/19,-0.000445167
2012/9/20,-0.000495437
2012/9/21,-0.000471057
2012/9/24,-0.000466554
2012/9/25,-0.000529389
2012/9/26,-0.000519114
2012/9/27,-0.000466587
2012/9/28,-0.000406715
2012/10/8,-0.000422692
2012/10/9,-0.000349486
2012/10/10,-0.000276673
2012/10/11,-0.000296063
2012/10/12,-0.000289256
2012/10/15,-0.000291834
2012/10/16,-0.000345369
2012/10/17,-0.000363537
2012/10/18,-0.000327836
2012/10/19,-0.000337906
2012/10/22,-0.000278503
2012/10/23,-0.000289036
2012/10/24,-0.000238039
2012/10/25,-0.000222936
2012/10/26,-0.000287127
2012/10/29,-0.000337805
2012/10/30,-0.000355321
2012/10/31,-0.000353325
2012/11/1,-0.00036029
2012/11/2,-0.000357807
2012/11/5,-0.000365557
2012/11/6,-0.000408512
2012/11/7,-0.000421202
2012/11/8,-0.000478509
2012/11/9,-0.000478617
2012/11/12,-0.000443833
2012/11/13,-0.000508298
2012/11/14,-0.000477247
2012/11/15,-0.000507006
2012/11/16,-0.000557955
2012/11/19,-0.000567604
2012/11/20,-0.000531028
2012/11/21,-0.000509573
2012/11/22,-0.000482709
2012/11/23,-0.000478222
2012/11/26,-0.000494702
2012/11/27,-0.000550774
2012/11/28,-0.000586241
2012/11/29,-0.000592036
2012/11/30,-0.000567606
2012/12/3,-0.000637918
2012/12/4,-0.000545553
2012/12/5,-0.000517491
2012/12/6,-0.000482852
2012/12/7,-0.000386662
2012/12/10,-0.000356326
2012/12/11,-0.000372762
2012/12/12,-0.00037133
2012/12/13,-0.0003774
2012/12/14,-0.000284264
2012/12/17,-0.000208939
2012/12/18,-0.000178528
2012/12/19,-0.000123632
2012/12/20,-0.000168014
2012/12/21,-0.000176175
2012/12/24,-0.000161732
2012/12/25,-8.09192E-05
2012/12/26,-3.69859E-05
2012/12/27,-6.75568E-05
2012/12/28,-3.83871E-05
2012/12/31,2.7421E-05
2013/1/4,2.71083E-05
2013/1/7,4.30847E-05
2013/1/8,3.15005E-05
2013/1/9,7.53983E-05
2013/1/10,0.000151235
2013/1/11,9.95652E-05
2013/1/14,8.97992E-05
2013/1/15,5.34045E-05
2013/1/16,5.26492E-05
2013/1/17,3.17494E-05
2013/1/18,0.000118887
2013/1/21,0.000187868
2013/1/22,6.67675E-05
2013/1/23,0.000105248
2013/1/24,5.13694E-05
2013/1/25,2.50064E-05
2013/1/28,8.04712E-05
2013/1/29,9.56565E-05
2013/1/30,0.000119418
2013/1/31,7.6712E-05
2013/2/1,6.23622E-05
2013/2/4,3.59596E-05
2013/2/5,8.21119E-05
2013/2/6,4.87569E-05
2013/2/7,4.30752E-05
2013/2/8,5.8462E-05
2013/2/18,5.2036E-05
2013/2/19,1.78664E-05
2013/2/20,2.73463E-05
2013/2/21,-8.15154E-06
2013/2/22,-8.21279E-06
2013/2/25,6.3189E-06
2013/2/26,-4.10173E-05
2013/2/27,-7.30503E-05
2013/2/28,-4.37126E-05
2013/3/1,-5.04632E-05
2013/3/4,-0.000116282
2013/3/5,-6.93158E-05
2013/3/6,-1.97944E-05
2013/3/7,-4.98938E-05
2013/3/8,-0.000104885
2013/3/11,-0.00010633
2013/3/12,-0.000133054
2013/3/13,-0.000136059
2013/3/14,-0.000155414
2013/3/15,-0.000177645
2013/3/18,-0.00020995
2013/3/19,-0.000221701
2013/3/20,-9.80606E-05
2013/3/21,-5.89201E-05
2013/3/22,-9.67397E-05
2013/3/25,-0.000121733
2013/3/26,-9.57532E-05
2013/3/27,-9.79717E-05
2013/3/28,-0.000140708
2013/3/29,-0.000107951
2013/4/1,-9.43493E-05
2013/4/2,-0.000109251
2013/4/3,-4.64354E-05
2013/4/8,-7.34546E-06
2013/4/9,1.38199E-05
2013/4/10,-4.66338E-05
2013/4/11,-6.46281E-05
2013/4/12,-5.9082E-05
2013/4/15,-0.000103516
2013/4/16,-9.09822E-05
2013/4/17,-0.00011146
2013/4/18,-0.000122431
2013/4/19,-9.13375E-05
2013/4/22,-5.78798E-05
2013/4/23,-0.000143925
2013/4/24,-0.000105575
2013/4/25,-0.00014674
2013/4/26,-0.000158209
2013/5/2,-0.000138438
2013/5/3,-0.000130031
2013/5/6,-8.86771E-05
2013/5/7,-6.8675E-05
2013/5/8,-7.79391E-05
2013/5/9,-8.42052E-05
2013/5/10,-8.49118E-05
2013/5/13,-9.05913E-05
2013/5/14,-0.000110109
2013/5/15,-5.67212E-05
2013/5/16,-4.46237E-05
2013/5/17,-1.11639E-05
2013/5/20,1.27962E-05
2013/5/21,3.73446E-05
2013/5/22,4.44154E-05
2013/5/23,4.65229E-06
2013/5/24,5.84921E-05
2013/5/27,7.6973E-05
2013/5/28,5.3369E-05
2013/5/29,6.71651E-05
2013/5/30,8.54831E-05
2013/5/31,9.48518E-05
2013/6/3,5.83787E-05
2013/6/4,-2.74439E-06
2013/6/5,1.34522E-06
2013/6/6,-3.00349E-05
2013/6/7,-6.00525E-05
2013/6/13,-5.15641E-05
2013/6/14,-1.56151E-05
2013/6/17,-3.25343E-06
2013/6/18,1.18076E-05
2013/6/19,9.23007E-06
2013/6/20,-8.03193E-05
2013/6/21,-7.91179E-05
2013/6/24,-0.000220805
2013/6/25,-0.000217765
2013/6/26,-0.00018067
2013/6/27,-0.000225279
2013/6/28,-0.000211243
2013/7/1,-0.00016475
2013/7/2,-0.000114998
2013/7/3,-6.48186E-05
2013/7/4,-4.98382E-05
2013/7/5,-5.27885E-05
2013/7/8,-9.68598E-05
2013/7/9,-0.000108116
2013/7/10,-7.43058E-05
2013/7/11,-2.96152E-05
2013/7/12,-3.61525E-05
2013/7/15,3.75231E-05
2013/7/16,2.44223E-05
2013/7/17,4.31929E-05
2013/7/18,5.81645E-05
2013/7/19,-4.96352E-06
2013/7/22,5.47569E-06
2013/7/23,5.42687E-05
2013/7/24,0.000127954
2013/7/25,8.27231E-05
2013/7/26,7.11455E-05
2013/7/29,1.715E-05
2013/7/30,2.09977E-05
2013/7/31,4.73004E-05
2013/8/1,8.01761E-05
2013/8/2,0.000101198
2013/8/5,0.000145158
2013/8/6,0.00017338
2013/8/7,0.000191851
2013/8/8,0.000227904
2013/8/9,0.000203242
2013/8/12,0.000241315
2013/8/13,0.000216191
2013/8/14,0.000168984
2013/8/15,0.000129604
2013/8/16,9.87097E-05
2013/8/19,0.000100261
2013/8/20,0.000100439
2013/8/21,0.000153643
2013/8/22,0.00014162
2013/8/23,0.000157641
2013/8/26,0.000205737
2013/8/27,0.000218979
2013/8/28,0.000204522
2013/8/29,0.000179107
2013/8/30,0.000177206
2013/9/2,0.000177935
2013/9/3,0.000235928
2013/9/4,0.000284205
2013/9/5,0.000278573
2013/9/6,0.000303965
2013/9/9,0.000348979
2013/9/10,0.000360927
2013/9/11,0.000311466
2013/9/12,0.000335531
2013/9/13,0.000328443
2013/9/16,0.000310942
2013/9/17,0.000218898
2013/9/18,0.000220233
2013/9/23,0.000261774
2013/9/24,0.000250153
2013/9/25,0.000267895
2013/9/26,0.000227105
2013/9/27,0.000286272
2013/9/30,0.000315893
2013/10/8,0.000327843
2013/10/9,0.000397102
2013/10/10,0.000397667
2013/10/11,0.000413901
2013/10/14,0.000443952
2013/10/15,0.000486547
2013/10/16,0.000400667
2013/10/17,0.000366058
2013/10/18,0.000380847
2013/10/21,0.000379068
2013/10/22,0.00034453
2013/10/23,0.000325915
2013/10/24,0.000318496
2013/10/25,0.000293571
2013/10/28,0.000282302
2013/10/29,0.000230179
2013/10/30,0.000229632
2013/10/31,0.000211219
2013/11/1,0.000199103
2013/11/4,0.000231763
2013/11/5,0.00025497
2013/11/6,0.000253368
2013/11/7,0.000263102
2013/11/8,0.000239516
2013/11/11,0.000246094
2013/11/12,0.000258384
2013/11/13,0.000193491
2013/11/14,0.000204911
2013/11/15,0.000248166
2013/11/18,0.000301637
2013/11/19,0.000309462
2013/11/20,0.000369794
2013/11/21,0.000370879
2013/11/22,0.000350096
2013/11/25,0.000384317
2013/11/26,0.000381929
2013/11/27,0.000432275
2013/11/28,0.000456897
2013/11/29,0.000463272
2013/12/2,0.000391729
2013/12/3,0.000414222
2013/12/4,0.0004695
2013/12/5,0.000461667
2013/12/6,0.00047757
2013/12/9,0.000552958
2013/12/10,0.000592894
2013/12/11,0.000590017
2013/12/12,0.000568337
2013/12/13,0.000613857
2013/12/16,0.000562514
2013/12/17,0.000489407
2013/12/18,0.000490515
2013/12/19,0.000433984
2013/12/20,0.000381904
2013/12/23,0.000391578
2013/12/24,0.000402993
2013/12/25,0.000444114
2013/12/26,0.000343771
2013/12/27,0.00035575
2013/12/30,0.000364243
2013/12/31,0.000364534
2014/1/2,0.000367541
2014/1/3,0.000357671
2014/1/6,0.000300178
2014/1/7,0.000271698
2014/1/8,0.000252534
2014/1/9,0.000248631
2014/1/10,0.000197784
2014/1/13,0.000168352
2014/1/14,0.000211428
2014/1/15,0.000207045
2014/1/16,0.000189762
2014/1/17,0.000165868
2014/1/20,0.000141772
2014/1/21,0.000212342
2014/1/22,0.000198997
2014/1/23,0.000177708
2014/1/24,0.000203337
2014/1/27,0.000224396
2014/1/28,0.000192377
2014/1/29,0.000194602
2014/1/30,0.00021213
2014/2/7,0.000240715
2014/2/10,0.000327353
2014/2/11,0.000332686
2014/2/12,0.000308232
2014/2/13,0.00026629
2014/2/14,0.000286696
2014/2/17,0.00032949
2014/2/18,0.000313576
2014/2/19,0.000325205
2014/2/20,0.000283047
2014/2/21,0.000260151
2014/2/24,0.000246949
2014/2/25,0.000160776
2014/2/26,0.000162927
2014/2/27,0.000171822
2014/2/28,0.000154321
2014/3/3,0.000225828
2014/3/4,0.000231954
2014/3/5,0.00020373
2014/3/6,0.000227913
2014/3/7,0.000217895
2014/3/10,0.000116364
2014/3/11,9.90536E-05
2014/3/12,0.000162059
2014/3/13,0.000142098
2014/3/14,0.000107442
2014/3/17,0.000162757
2014/3/18,0.000191156
2014/3/19,0.000187115
2014/3/20,0.000185406
2014/3/21,0.000234613
2014/3/24,0.000241419
2014/3/25,0.00024054
2014/3/26,0.000267038
2014/3/27,0.000236613
2014/3/28,0.000157472
2014/3/31,0.000128295
2014/4/1,0.000147359
2014/4/2,0.000153982
2014/4/3,0.000163412
2014/4/4,0.000178201
2014/4/8,0.000247501
2014/4/9,0.000264252
2014/4/10,0.000261139
2014/4/11,0.000274803
2014/4/14,0.000303463
2014/4/15,0.000283865
2014/4/16,0.000266283
2014/4/17,0.00026772
2014/4/18,0.000280915
2014/4/21,0.000267865
2014/4/22,0.000284324
2014/4/23,0.000257891
2014/4/24,0.000223442
2014/4/25,0.00018037
2014/4/28,9.09213E-05
2014/4/29,0.000108095
2014/4/30,0.000167956
2014/5/5,0.000148567
2014/5/6,0.000183977
2014/5/7,0.000185259
2014/5/8,0.000179135
2014/5/9,0.000128691
2014/5/12,0.0001404
2014/5/13,0.000134306
2014/5/14,0.000117137
2014/5/15,8.3522E-05
2014/5/16,7.04792E-05
2014/5/19,5.4143E-05
2014/5/20,7.89647E-05
2014/5/21,7.05088E-05
2014/5/22,5.15428E-05
2014/5/23,4.3864E-05
2014/5/26,4.08882E-05
2014/5/27,1.41672E-05
2014/5/28,4.78397E-05
2014/5/29,4.46009E-05
2014/5/30,2.13612E-05
2014/6/3,1.03271E-06
2014/6/4,-1.74172E-05
2014/6/5,-1.0876E-05
2014/6/6,-2.09946E-05
2014/6/9,-1.97595E-05
2014/6/10,1.1487E-05
2014/6/11,5.36856E-05
2014/6/12,4.30391E-05
2014/6/13,9.22448E-05
2014/6/16,0.000136809
2014/6/17,0.000169946
2014/6/18,0.000126535
2014/6/19,7.61421E-05
2014/6/20,8.55824E-05
2014/6/23,0.000108379
2014/6/24,0.000176736
2014/6/25,0.000174636
2014/6/26,0.000306374
2014/6/27,0.000325933
2014/6/30,0.000306289
2014/7/1,0.000345841
2014/7/2,0.000356357
2014/7/3,0.000337582
2014/7/4,0.00030293
2014/7/7,0.000304568
2014/7/8,0.000301935
2014/7/9,0.000286976
2014/7/10,0.000355213
2014/7/11,0.000365367
2014/7/14,0.000338445
2014/7/15,0.000291646
2014/7/16,0.000293946
2014/7/17,0.000246853
2014/7/18,0.000230563
2014/7/21,0.000250474
2014/7/22,0.000274926
2014/7/23,0.000307402
2014/7/24,0.000272502
2014/7/25,0.000246387
2014/7/28,0.000268852
2014/7/29,0.0003183
2014/7/30,0.000323168
2014/7/31,0.000373994
2014/8/1,0.000362679
2014/8/4,0.000380711
2014/8/5,0.000344429
2014/8/6,0.000349718
2014/8/7,0.000304205
2014/8/8,0.000296063
2014/8/11,0.000338572
2014/8/12,0.000342961
2014/8/13,0.000337595
2014/8/14,0.000299325
2014/8/15,0.000309923
2014/8/18,0.000339864
2014/8/19,0.000368463
2014/8/20,0.000405561
2014/8/21,0.000378499
2014/8/22,0.000393046
2014/8/25,0.000366517
2014/8/26,0.000331433
2014/8/27,0.000340784
2014/8/28,0.000289678
2014/8/29,0.000294613
2014/9/1,0.000338366
2014/9/2,0.00036575
2014/9/3,0.000395206
2014/9/4,0.000397755
2014/9/5,0.000379174
2014/9/9,0.00038737
2014/9/10,0.000387016
2014/9/11,0.000371392
2014/9/12,0.000372663
2014/9/15,0.000373454
2014/9/16,0.000330776
2014/9/17,0.000340884
2014/9/18,0.000350835
2014/9/19,0.000363316
2014/9/22,0.000370438
2014/9/23,0.000376182
2014/9/24,0.000363639
2014/9/25,0.000361573
2014/9/26,0.00037333
2014/9/29,0.000426468
2014/9/30,0.000433514
2014/10/8,0.000437986
2014/10/9,0.000412833
2014/10/10,0.000386476
2014/10/13,0.000396065
2014/10/14,0.000361273
2014/10/15,0.000351135
2014/10/16,0.000320314
2014/10/17,0.000351803
2014/10/20,0.000378612
2014/10/21,0.000356813
2014/10/22,0.000293894
2014/10/23,0.000286673
2014/10/24,0.000338056
2014/10/27,0.000362072
2014/10/28,0.000437052
2014/10/29,0.000466178
2014/10/30,0.000514583
2014/10/31,0.000484474
2014/11/3,0.000522356
2014/11/4,0.000518977
2014/11/5,0.000504269
2014/11/6,0.000491786
2014/11/7,0.000493867
2014/11/10,0.000536556
2014/11/11,0.000510524
2014/11/12,0.000532361
2014/11/13,0.000500797
2014/11/14,0.00052908
2014/11/17,0.00052336
2014/11/18,0.000490841
2014/11/19,0.00045522
2014/11/20,0.000445983
2014/11/21,0.000447918
2014/11/24,0.000481768
2014/11/25,0.000517621
2014/11/26,0.000527391
2014/11/27,0.000536909
2014/11/28,0.000515258
2014/12/1,0.000488496
2014/12/2,0.000500962
2014/12/3,0.000599282
2014/12/4,0.000595118
2014/12/5,0.00052508
2014/12/8,0.000552224
2014/12/9,0.000485988
2014/12/10,0.000531594
2014/12/11,0.000555949
2014/12/12,0.000587327
2014/12/15,0.000610973
2014/12/16,0.000614362
2014/12/17,0.000629097
2014/12/18,0.000639948
2014/12/19,0.000629386
2014/12/22,0.000577335
2014/12/23,0.000562678
2014/12/24,0.000587269
2014/12/25,0.000608502
2014/12/26,0.000609013
2014/12/29,0.000621224
2014/12/30,0.000564914
2014/12/31,0.000574865
2015/1/5,0.000597872
2015/1/6,0.000609317
2015/1/7,0.000626144
2015/1/8,0.000660484
2015/1/9,0.000638837
2015/1/12,0.000612081
2015/1/13,0.000655034
2015/1/14,0.000678645
2015/1/15,0.000708611
2015/1/16,0.00069716
2015/1/19,0.000609659
2015/1/20,0.000667891
2015/1/21,0.000730954
2015/1/22,0.000767979
2015/1/23,0.000724395
2015/1/26,0.000716951
2015/1/27,0.000709429
2015/1/28,0.000673712
2015/1/29,0.000662369
2015/1/30,0.000645161
2015/2/2,0.000622663
2015/2/3,0.000662724
2015/2/4,0.000623721
2015/2/5,0.000564621
2015/2/6,0.000525399
2015/2/9,0.000497174
2015/2/10,0.000546389
2015/2/11,0.000535832
2015/2/12,0.000515417
2015/2/13,0.000543953
2015/2/16,0.000573579
2015/2/17,0.00060999
2015/2/25,0.000619975
2015/2/26,0.000645022
2015/2/27,0.000720763
2015/3/2,0.000743869
2015/3/3,0.000760879
2015/3/4,0.00076858
2015/3/5,0.000732632
2015/3/6,0.000711091
2015/3/9,0.000742482
2015/3/10,0.000762359
2015/3/11,0.000767322
2015/3/12,0.000833213
2015/3/13,0.000850431
2015/3/16,0.000900035
2015/3/17,0.000908214
2015/3/18,0.000944662
2015/3/19,0.000924241
2015/3/20,0.000931991
2015/3/23,0.000977002
2015/3/24,0.001029767
2015/3/25,0.001015544
2015/3/26,0.00098877
2015/3/27,0.001006231
2015/3/30,0.001023197
2015/3/31,0.00104993
2015/4/1,0.001125222
2015/4/2,0.001167329
2015/4/3,0.001167847
2015/4/7,0.001207587
2015/4/8,0.001197975
2015/4/9,0.001165375
2015/4/10,0.001192166
2015/4/13,0.001212862
2015/4/14,0.00120356
2015/4/15,0.001142433
2015/4/16,0.001153546
2015/4/17,0.001181
2015/4/20,0.00115118
2015/4/21,0.001212245
2015/4/22,0.001250306
2015/4/23,0.00129584
2015/4/24,0.001305476
2015/4/27,0.001332472
2015/4/28,0.001301392
2015/4/29,0.001372524
2015/4/30,0.001434434
2015/5/4,0.001417487
2015/5/5,0.00134079
2015/5/6,0.001301526
2015/5/7,0.001253908
2015/5/8,0.001348628
2015/5/11,0.001420191
2015/5/12,0.001475062
2015/5/13,0.001446317
2015/5/14,0.001446717
2015/5/15,0.001434275
2015/5/18,0.001498351
2015/5/19,0.001543274
2015/5/20,0.001581717
2015/5/21,0.001639278
2015/5/22,0.001652919
2015/5/25,0.001699022
2015/5/26,0.001736841
2015/5/27,0.001738751
2015/5/28,0.00163641
2015/5/29,0.001634094
2015/6/1,0.0017398
2015/6/2,0.001800681
2015/6/3,0.001818371
2015/6/4,0.001831218
2015/6/5,0.001839798
2015/6/8,0.001828326
2015/6/9,0.001835099
2015/6/10,0.00184602
2015/6/11,0.001862107
2015/6/12,0.001892676
2015/6/15,0.001842131
2015/6/16,0.00176148
2015/6/17,0.001811852
2015/6/18,0.001763024
2015/6/19,0.001685568
2015/6/23,0.001680427
2015/6/24,0.001705855
2015/6/25,0.001633579
2015/6/26,0.001494482
2015/6/29,0.001356455
2015/6/30,0.001427817
2015/7/1,0.001313754
2015/7/2,0.001179592
2015/7/3,0.001058745
2015/7/6,0.001013136
2015/7/7,0.000903248
2015/7/8,0.000857419
2015/7/9,0.000921703
2015/7/10,0.001031271
2015/7/13,0.001135403
2015/7/14,0.001151161
2015/7/15,0.001022756
2015/7/16,0.001061685
2015/7/17,0.001166863
2015/7/20,0.001205986
2015/7/21,0.00122319
2015/7/22,0.001249226
2015/7/23,0.001274036
2015/7/24,0.001259352
2015/7/27,0.001126441
2015/7/28,0.001079163
2015/7/29,0.001128412
2015/7/30,0.001063752
2015/7/31,0.001044576
2015/8/3,0.000985217
2015/8/4,0.001093772
2015/8/5,0.001043462
2015/8/6,0.001024484
2015/8/7,0.001061369
2015/8/10,0.001158382
2015/8/11,0.001156562
2015/8/12,0.001110305
2015/8/13,0.001141828
2015/8/14,0.001159285
2015/8/17,0.001208977
2015/8/18,0.001055468
2015/8/19,0.001069826
2015/8/20,0.001003382
2015/8/21,0.000907098
2015/8/24,0.000764721
2015/8/25,0.000620488
2015/8/26,0.000567907
2015/8/27,0.000657803
2015/8/28,0.000752771
2015/8/31,0.000701153
2015/9/1,0.000571562
2015/9/2,0.000527787
2015/9/7,0.00050763
2015/9/8,0.000559148
2015/9/9,0.000591478
2015/9/10,0.000555231
2015/9/11,0.000556396
2015/9/14,0.000431459
2015/9/15,0.000333064
2015/9/16,0.000424288
2015/9/17,0.000371887
2015/9/18,0.00045149
2015/9/21,0.000496443
2015/9/22,0.000496861
2015/9/23,0.000462779
2015/9/24,0.000511177
2015/9/25,0.000431841
2015/9/28,0.000440906
2015/9/29,0.000408785
2015/9/30,0.000409025
2015/10/8,0.000460783
2015/10/9,0.000473354
2015/10/12,0.000511424
2015/10/13,0.000529065
2015/10/14,0.000516942
2015/10/15,0.000568344
2015/10/16,0.000603274
2015/10/19,0.000595738
2015/10/20,0.000651946
2015/10/21,0.000556343
2015/10/22,0.000595653
2015/10/23,0.00065402
2015/10/26,0.000686432
2015/10/27,0.000722434
2015/10/28,0.000671341
2015/10/29,0.000673435
2015/10/30,0.000626727
2015/11/2,0.000566993
2015/11/3,0.000562631
2015/11/4,0.000649307
2015/11/5,0.000636761
2015/11/6,0.000685323
2015/11/9,0.000710383
2015/11/10,0.000707381
2015/11/11,0.000748551
2015/11/12,0.000729545
2015/11/13,0.00075547
2015/11/16,0.00076032
2015/11/17,0.0007602
2015/11/18,0.000736395
2015/11/19,0.000762667
2015/11/20,0.000778939
2015/11/23,0.000759133
2015/11/24,0.000774803
2015/11/25,0.000782966
2015/11/26,0.00074444
2015/11/27,0.000606128
2015/11/30,0.000605301
2015/12/1,0.000601306
2015/12/2,0.000594475
2015/12/3,0.000644613
2015/12/4,0.000608316
2015/12/7,0.000609049
2015/12/8,0.000527468
2015/12/9,0.000558234
2015/12/10,0.000527334
2015/12/11,0.000583926
2015/12/14,0.000560823
2015/12/15,0.000548435
2015/12/16,0.000543393
2015/12/17,0.000557508
2015/12/18,0.000546622
2015/12/21,0.000581723
2015/12/22,0.000596479
2015/12/23,0.000588656
2015/12/24,0.000653847
2015/12/25,0.000699115
2015/12/28,0.000634223
2015/12/29,0.000617102
2015/12/30,0.000613414
2015/12/31,0.000603333
2016/1/4,0.00048348
2016/1/5,0.000444722
2016/1/6,0.000457894
2016/1/7,0.000284181
2016/1/8,0.000310162
2016/1/11,0.000204144
2016/1/12,0.000217501
2016/1/13,0.000181389
2016/1/14,0.000215438
2016/1/15,0.000157243
2016/1/18,0.000159929
2016/1/19,0.000199365
2016/1/20,0.000259016
2016/1/21,0.000125788
2016/1/22,0.000109729
2016/1/25,0.000103207
2016/1/26,-1.35076E-05
2016/1/27,-7.48565E-05
2016/1/28,-0.00015695
2016/1/29,-8.32841E-05
2016/2/1,-9.37107E-05
2016/2/2,-1.41628E-05
2016/2/3,2.39625E-07
2016/2/4,4.22518E-06
2016/2/5,-5.86831E-06
2016/2/15,4.20716E-06
2016/2/16,0.000110861
2016/2/17,0.000140166
2016/2/18,0.000112494
2016/2/19,0.000100196
2016/2/22,0.000123587
2016/2/23,8.77127E-05
2016/2/24,6.94384E-05
2016/2/25,-8.51775E-05
2016/2/26,-7.685E-05
2016/2/29,-0.000188705
2016/3/1,-0.000163528
2016/3/2,-0.000112095
2016/3/3,-9.90296E-05
2016/3/4,-0.000171683
2016/3/7,-0.00013159
2016/3/8,-0.00010685
2016/3/9,-0.000173574
2016/3/10,-0.000220732
2016/3/11,-0.000221046
2016/3/14,-0.000164392
2016/3/15,-0.000198854
2016/3/16,-0.000272774
2016/3/17,-0.000243516
2016/3/18,-0.000212014
2016/3/21,-0.000182914
2016/3/22,-0.000207009
2016/3/23,-0.000236041
2016/3/24,-0.000271697
2016/3/25,-0.000274036
2016/3/28,-0.000273075
2016/3/29,-0.000326224
2016/3/30,-0.000286019
2016/3/31,-0.000282692
2016/4/1,-0.000332009
2016/4/5,-0.000318034
2016/4/6,-0.000334732
2016/4/7,-0.000401538
2016/4/8,-0.000406124
2016/4/11,-0.000354956
2016/4/12,-0.000414342
2016/4/13,-0.000425919
2016/4/14,-0.000409713
2016/4/15,-0.000345758
2016/4/18,-0.000397812
2016/4/19,-0.000405304
2016/4/20,-0.000454582
2016/4/21,-0.000528338
2016/4/22,-0.000560843
2016/4/25,-0.000588375
2016/4/26,-0.000570406
2016/4/27,-0.000598116
2016/4/28,-0.000555039
2016/4/29,-0.000589803
2016/5/3,-0.00054667
2016/5/4,-0.000554303
2016/5/5,-0.000480634
2016/5/6,-0.000524674
2016/5/9,-0.000550121
2016/5/10,-0.000615292
2016/5/11,-0.000693367
2016/5/12,-0.000729791
2016/5/13,-0.000748998
2016/5/16,-0.000717369
2016/5/17,-0.000710123
2016/5/18,-0.000789545
2016/5/19,-0.000821001
2016/5/20,-0.000829558
2016/5/23,-0.000869058
2016/5/24,-0.000917084
2016/5/25,-0.000971062
2016/5/26,-0.00101859
2016/5/27,-0.00104047
2016/5/30,-0.000942504
2016/5/31,-0.000889828
2016/6/1,-0.000970065
2016/6/2,-0.001022733
2016/6/3,-0.001032133
2016/6/6,-0.001024349
2016/6/7,-0.001054124
2016/6/8,-0.001042601
2016/6/13,-0.001121174
2016/6/14,-0.001146428
2016/6/15,-0.001114658
2016/6/16,-0.001148145
2016/6/17,-0.001106283
2016/6/20,-0.001029829
2016/6/21,-0.001084356
2016/6/22,-0.00099945
2016/6/23,-0.000884463
2016/6/24,-0.000916321
2016/6/27,-0.000913214
2016/6/28,-0.000833486
2016/6/29,-0.000679476
2016/6/30,-0.000562041
2016/7/1,-0.000648941
2016/7/4,-0.000516966
2016/7/5,-0.00038417
2016/7/6,-0.00026766
2016/7/7,-0.000233317
2016/7/8,-0.000122394
2016/7/11,-7.73749E-05
2016/7/12,-0.000130034
2016/7/13,-0.000201179
2016/7/14,-0.000302815
2016/7/15,-0.00034292
2016/7/18,-0.000248192
2016/7/19,-0.000282763
2016/7/20,-0.000378603
2016/7/21,-0.000398017
2016/7/22,-0.000433857
2016/7/25,-0.000449843
2016/7/26,-0.000474299
2016/7/27,-0.000520377
2016/7/28,-0.000382369
2016/7/29,-0.000361338
2016/8/1,-0.000469587
2016/8/2,-0.00040455
2016/8/3,-0.000379902
2016/8/4,-0.000326675
2016/8/5,-0.000425846
2016/8/8,-0.000379271
2016/8/9,-0.000354981
2016/8/10,-0.000409581
2016/8/11,-0.000514853
2016/8/12,-0.000503271
2016/8/15,-0.000444123
2016/8/16,-0.000477556
2016/8/17,-0.000490617
2016/8/18,-0.000528647
2016/8/19,-0.000392356
2016/8/22,-0.000451025
2016/8/23,-0.000387485
2016/8/24,-0.000289673
2016/8/25,-0.00016066
2016/8/26,-1.88969E-05
2016/8/29,5.14359E-05
2016/8/30,-8.11005E-06
2016/8/31,-0.000106128
2016/9/1,-5.31386E-05
2016/9/2,5.16637E-05
2016/9/5,7.41673E-05
2016/9/6,9.53305E-05
2016/9/7,3.19962E-05
2016/9/8,-8.71127E-06
2016/9/9,8.20628E-06
2016/9/12,-5.43768E-05
2016/9/13,7.53129E-05
2016/9/14,0.000164072
2016/9/19,7.19299E-05
2016/9/20,0.000105508
2016/9/21,8.54505E-05
2016/9/22,3.68803E-05
2016/9/23,2.03138E-05
2016/9/26,4.67825E-06
2016/9/27,-7.713E-06
2016/9/28,4.81036E-05
2016/9/29,2.17793E-05
2016/9/30,6.22455E-05
2016/10/10,8.88417E-05
2016/10/11,3.0542E-05
2016/10/12,3.37685E-06
2016/10/13,-6.10633E-05
2016/10/14,-8.63956E-05
2016/10/17,-8.17008E-05
2016/10/18,-0.000107749
2016/10/19,-0.000140644
2016/10/20,-0.000139807
2016/10/21,-0.000173733
2016/10/24,-4.50685E-05
2016/10/25,-0.00010219
2016/10/26,-0.000153379
2016/10/27,-0.000168498
2016/10/28,-0.000195524
2016/10/31,-0.000152432
2016/11/1,-0.000152234
2016/11/2,-0.000160449
2016/11/3,-0.000116314
2016/11/4,-0.00011788
2016/11/7,-0.000200751
2016/11/8,-0.000193626
2016/11/9,-0.000246717
2016/11/10,-0.00024688
2016/11/11,-0.000241669
2016/11/14,-0.000258312
2016/11/15,-0.000251197
2016/11/16,-0.000224159
2016/11/17,-0.000260381
2016/11/18,-0.000253912
2016/11/21,-0.000223475
2016/11/22,-0.000253904
2016/11/23,-0.000281164
2016/11/24,-0.000269514
2016/11/25,-0.000273831
2016/11/28,-0.00029634
2016/11/29,-0.000298767
2016/11/30,-0.000195373
2016/12/1,-0.000192751
2016/12/2,-0.000228137
2016/12/5,-0.00022856
2016/12/6,-0.000265162
2016/12/7,-0.000233983
2016/12/8,-0.000262694
2016/12/9,-0.000220763
2016/12/12,-0.000285329
2016/12/13,-0.00027169
2016/12/14,-0.000268331
2016/12/15,-0.000292245
2016/12/16,-0.000295002
2016/12/19,-0.00030156
2016/12/20,-0.000349292
2016/12/21,-0.000332718
2016/12/22,-0.000354148
2016/12/23,-0.000385465
2016/12/26,-0.000363592
2016/12/27,-0.000360715
2016/12/28,-0.00037449
2016/12/29,-0.00033708
2016/12/30,-0.000350071
2017/1/3,-0.000349328
2017/1/4,-0.000301608
2017/1/5,-0.000150539
2017/1/6,-0.000134734
2017/1/9,-0.000166367
2017/1/10,-1.83143E-05
2017/1/11,-6.37128E-05
2017/1/12,4.00769E-05
2017/1/13,1.6212E-05
2017/1/16,3.09073E-05
2017/1/17,-1.20711E-05
2017/1/18,5.04018E-05
2017/1/19,1.85692E-05
2017/1/20,-2.10126E-05
2017/1/23,9.42706E-06
2017/1/24,7.96278E-05
2017/1/25,5.63999E-05
2017/1/26,5.12571E-05
2017/2/3,0.000180674
2017/2/6,0.000218415
2017/2/7,0.000295158
2017/2/8,0.00024144
2017/2/9,0.000274336
2017/2/10,0.000217228
2017/2/13,0.000218808
2017/2/14,0.000186363
2017/2/15,0.000186539
2017/2/16,0.00019833
2017/2/17,0.000114268
2017/2/20,0.000115429
2017/2/21,0.000132832
2017/2/22,0.000136991
2017/2/23,0.000101498
2017/2/24,0.000111483
2017/2/27,8.61428E-05
2017/2/28,0.000235799
2017/3/1,0.00023325
2017/3/2,0.000317996
2017/3/3,0.00028363
2017/3/6,0.000214934
2017/3/7,0.000209362
2017/3/8,0.000249453
2017/3/9,0.00019438
2017/3/10,0.000193138
2017/3/13,0.000253704
2017/3/14,0.000279308
2017/3/15,0.000281388
2017/3/16,0.000240644
2017/3/17,0.000240195
2017/3/20,0.000267893
2017/3/21,0.000216721
2017/3/22,0.000152525
2017/3/23,0.000112834
2017/3/24,0.000128714
2017/3/27,0.000108352
2017/3/28,0.000132315
2017/3/29,0.000110679
2017/3/30,9.38624E-05
2017/3/31,0.000134258
2017/4/5,0.000109461
2017/4/6,0.000109506
2017/4/7,0.000123291
2017/4/10,7.50879E-05
2017/4/11,8.13748E-05
2017/4/12,9.35606E-05
2017/4/13,0.000120553
2017/4/14,6.01346E-05
2017/4/17,5.52834E-05
2017/4/18,1.99802E-05
2017/4/19,-1.38412E-05
2017/4/20,-9.9028E-06
2017/4/21,5.34472E-06
2017/4/24,-4.70022E-05
2017/4/25,3.91161E-05
2017/4/26,5.83794E-05
2017/4/27,5.11196E-05
2017/4/28,6.61109E-05
2017/5/2,4.76029E-05
2017/5/3,5.1019E-05
2017/5/4,5.26918E-05
2017/5/5,2.97123E-05
2017/5/8,-5.44781E-05
2017/5/9,-4.46457E-05
2017/5/10,-9.06775E-05
2017/5/11,-2.58787E-05
2017/5/12,3.56734E-05
2017/5/15,4.5815E-05
2017/5/16,8.55606E-05
2017/5/17,8.83405E-05
2017/5/18,7.72563E-05
2017/5/19,4.7502E-05
2017/5/22,2.90614E-05
2017/5/23,4.04369E-05
2017/5/24,3.98385E-05
2017/5/25,3.50829E-05
2017/5/26,8.12391E-06
2017/5/31,2.41127E-05
2017/6/1,-1.56272E-06
2017/6/2,8.41877E-06
2017/6/5,2.27325E-05
2017/6/6,3.88467E-05
2017/6/7,2.22983E-06
2017/6/8,-4.27499E-06
2017/6/9,-1.28344E-05
2017/6/12,-3.74684E-05
2017/6/13,-2.05688E-05
2017/6/14,-2.26493E-05
2017/6/15,-7.75487E-07
2017/6/16,7.81442E-05
2017/6/19,8.59382E-05
2017/6/20,3.27088E-05
2017/6/21,4.23782E-05
2017/6/22,8.09187E-06
2017/6/23,7.10857E-06
2017/6/26,5.58368E-05
2017/6/27,2.96517E-05
2017/6/28,3.08677E-05
2017/6/29,6.1188E-05
2017/6/30,2.65791E-05
2017/7/3,1.96093E-05
2017/7/4,7.4881E-06
2017/7/5,1.97198E-05
2017/7/6,2.52246E-05
2017/7/7,-1.62408E-06
2017/7/10,-1.73914E-05
2017/7/11,-4.67157E-05
2017/7/12,-5.17079E-05
2017/7/13,-4.15081E-05
2017/7/14,-5.09135E-05
2017/7/17,-0.000145774
2017/7/18,-0.000141494
2017/7/19,-0.000109161
2017/7/20,-9.39527E-05
2017/7/21,-7.86249E-05
2017/7/24,-7.24559E-05
2017/7/25,-7.24803E-05
2017/7/26,-8.10578E-05
2017/7/27,-5.67189E-05
2017/7/28,-5.27861E-05
2017/7/31,-5.29407E-05
2017/8/1,1.57664E-05
2017/8/2,2.36403E-06
2017/8/3,1.63369E-05
2017/8/4,3.23718E-05
2017/8/7,3.72856E-05
2017/8/8,2.90397E-05
2017/8/9,2.78938E-05
2017/8/10,2.37091E-05
2017/8/11,-3.58671E-05
2017/8/14,-1.33434E-05
2017/8/15,-9.57664E-07
2017/8/16,2.54122E-05
2017/8/17,1.82177E-05
2017/8/18,-2.55395E-05
2017/8/21,-1.74366E-05
2017/8/22,-3.01137E-05
2017/8/23,-4.50955E-05
2017/8/24,-5.96104E-05
2017/8/25,-1.993E-05
2017/8/28,-1.10483E-06
2017/8/29,-7.21926E-06
2017/8/30,1.90359E-05
2017/8/31,1.59748E-05
2017/9/1,2.63369E-05
2017/9/4,3.6864E-05
2017/9/5,3.64804E-05
2017/9/6,5.98841E-05
2017/9/7,5.38188E-05
2017/9/8,4.84885E-05
2017/9/11,4.10876E-05
2017/9/12,3.92722E-05
2017/9/13,4.34449E-05
2017/9/14,5.27526E-05
2017/9/15,8.82061E-05
2017/9/18,9.27442E-05
2017/9/19,9.55369E-05
2017/9/20,9.21069E-05
2017/9/21,7.18565E-05
2017/9/22,6.09213E-05
2017/9/23,2.78951E-05
2017/9/24,4.01452E-05
2017/9/25,9.18362E-05
2017/9/26,7.53255E-05
2017/9/27,8.61518E-05